corte,id_avaluo,numero_finca,rule_id
2026-03,AV-2024-000465,1-324123-383,R-07
2026-03,AV-2026-000628,7-933837,R-07
2026-03,AV-2024-001799,1-861148,R-07
2026-03,AV-2024-000565,2-166752,R-07
2026-03,AV-2025-001451,1-453445,R-07
2026-03,AV-2026-001095,1-865662,R-07
2026-03,AV-2024-003388,1-186132,R-07
2026-03,AV-2025-001549,4-222371,R-07
2026-03,AV-2026-002308,1-405969,R-07
2026-03,AV-2025-002588,1-500925,R-07
2026-03,AV-2025-002176,1-122618,R-07
2026-03,AV-2024-002055,4-550223,R-07
2026-03,AV-2024-002509,1-475469,R-07
2026-03,AV-2024-002708,3-979647,R-07
2026-03,AV-2025-002408,2-227807,R-07
2026-03,AV-2025-002165,5-934114,R-07
2026-03,AV-2026-002842,4-415919,R-07
2026-03,AV-2024-002018,3-616455,R-07
2026-03,AV-2025-003320,5-466659,R-07
2026-03,AV-2026-002768,1-640730,R-07
2026-03,AV-2025-003379,1-452249,R-07
2026-03,AV-2024-003496,3-655910,R-07
2026-03,AV-2024-003857,1-661745,R-07
2026-03,AV-2025-003114,2-121573,R-07
2026-03,AV-2024-000254,4-984713,R-07
2026-03,AV-2024-002050,1-529442,R-07
2026-03,AV-2025-003907,4-895870,R-07
2026-03,AV-2024-000985,1-804116,R-07
2026-03,AV-2026-000066,2-272775,R-07
2026-03,AV-2025-000313,1-120044,R-07
2026-03,AV-2025-001262,1-486804,R-07
2026-03,AV-2025-003547,2-837495,R-07
2026-03,AV-2025-003946,4-100694,R-07
2026-03,AV-2025-003902,6-881563,R-07
2026-03,AV-2025-002124,6-669303,R-07
2026-03,AV-2025-003838,6-994806,R-07
2026-03,AV-2026-003845,1-895524,R-07
2026-03,AV-2025-000969,1-369742,R-07
2026-03,AV-2025-001697,1-299708-340,R-07
2026-03,AV-2025-003155,6-151924,R-07
2026-03,AV-2024-002909,1-332379,R-07
2026-03,AV-2025-001219,7-923578,R-07
2026-03,AV-2026-001310,1-563672,R-07
2026-03,AV-2025-003864,3-594692,R-07
2026-03,AV-2025-002489,2-173016,R-07
2026-03,AV-2024-001515,1-833968,R-07
2026-03,AV-2025-003805,7-847513,R-07
2026-03,AV-2026-000330,1-695111,R-07
2026-03,AV-2025-000220,3-438244,R-07
2026-03,AV-2025-002008,4-393240,R-07
2026-03,AV-2025-002863,1-712221,R-07
2026-03,AV-2024-000849,1-676951,R-07
2026-03,AV-2025-003972,4-798531,R-07
2026-03,AV-2024-001716,6-756795,R-07
2026-03,AV-2026-003737,3-454540,R-07
2026-03,AV-2025-002733,5-307938,R-07
2026-03,AV-2025-003317,1-332137,R-07
2026-03,AV-2024-003312,7-506119,R-07
2026-03,AV-2024-003874,4-996589,R-07
2026-03,AV-2025-002344,3-694787,R-07
2026-03,AV-2025-002398,1-844667,R-07
2026-03,AV-2025-001261,1-446708,R-07
2026-03,AV-2025-000603,3-271447,R-07
2026-03,AV-2026-002486,7-518481,R-07
2026-03,AV-2025-001226,4-834729,R-07
2026-03,AV-2025-002354,1-485464,R-07
2026-03,AV-2025-003626,5-263819,R-07
2026-03,AV-2025-001148,7-834349,R-07
2026-03,AV-2024-002816,3-910235,R-07
2026-03,AV-2026-002062,1-441424,R-07
2026-03,AV-2025-003867,3-629495,R-07
2026-03,AV-2024-003602,1-854097,R-07
2026-03,AV-2025-002888,4-324831,R-07
2026-03,AV-2025-001636,5-469068,R-07
2026-03,AV-2025-001629,2-147217,R-07
2026-03,AV-2026-000470,1-745966,R-07
2026-03,AV-2025-003686,1-729950,R-07
2026-03,AV-2024-002305,1-526160,R-07
2026-03,AV-2026-002878,4-428837,R-07
2026-03,AV-2025-003701,1-438979,R-07
2026-03,AV-2025-000284,5-834174,R-07
2026-03,AV-2025-000392,4-713062,R-07
2026-03,AV-2025-000700,5-583390,R-07
2026-03,AV-2025-000868,3-543655,R-07
2026-03,AV-2025-002780,1-682383,R-07
2026-03,AV-2025-000219,2-141010,R-07
2026-03,AV-2025-000925,1-327508,R-07
2026-03,AV-2025-001771,5-484088,R-07
2026-03,AV-2024-002034,3-212943,R-07
2026-03,AV-2025-000623,1-221814,R-07
2026-03,AV-2025-000301,2-415114,R-07
2026-03,AV-2025-000580,1-598876,R-07
2026-03,AV-2025-001929,2-182281,R-07
2026-03,AV-2025-002636,2-544404,R-07
2026-03,AV-2025-002376,2-566238,R-07
2026-03,AV-2025-003485,2-801958,R-07
2026-03,AV-2025-001885,6-468599,R-07
2026-03,AV-2025-003487,5-516407,R-07
2026-03,AV-2025-000050,4-960038,R-07
2026-03,AV-2025-002092,1-342583,R-07
2026-03,AV-2026-003672,1-612356,R-07
2026-03,AV-2025-003117,1-953058,R-07
2026-03,AV-2025-000426,4-746716,R-07
2026-03,AV-2025-003390,1-370583,R-07
2026-03,AV-2025-000557,4-625648,R-07
2026-03,AV-2025-000380,3-667836,R-07
2026-03,AV-2025-001135,7-297229,R-07
2026-03,AV-2025-001183,7-743314,R-07
2026-03,AV-2025-001469,1-492689,R-07
2026-03,AV-2025-002690,1-402841,R-07
2026-03,AV-2024-000576,1-679811,R-07
2026-03,AV-2025-000124,7-786695-235,R-07
2026-03,AV-2025-002563,5-569207,R-07
2026-03,AV-2025-003892,3-142965,R-07
2026-03,AV-2025-001289,5-342499,R-07
2026-03,AV-2025-000622,4-554474,R-07
2026-03,AV-2024-002956,1-653494,R-07
2026-03,AV-2025-000963,1-731556,R-07
2026-03,AV-2026-000475,4-891247,R-07
2026-03,AV-2025-002796,1-656188,R-07
2026-03,AV-2024-003458,1-646370,R-07
2026-03,AV-2025-003491,3-139687,R-07
2026-03,AV-2025-001071,6-609129,R-07
2026-03,AV-2025-000453,4-641273,R-07
2026-03,AV-2025-000619,4-655910,R-07
2026-03,AV-2025-000736,1-124796,R-07
2026-03,AV-2025-003550,1-781452,R-07
2026-03,AV-2026-000826,1-519306,R-07
2026-03,AV-2025-002994,6-724115-212,R-07
2026-03,AV-2025-002763,1-241492,R-07
2026-03,AV-2025-002327,2-564685,R-07
2026-03,AV-2025-002506,4-707316,R-07
2026-03,AV-2025-003739,1-413017,R-07
2026-03,AV-2024-001399,3-747665,R-07
2026-03,AV-2025-003088,1-283873,R-07
2026-03,AV-2025-002025,2-318121,R-07
2026-03,AV-2025-003905,1-446917-238,R-07
2026-03,AV-2026-003965,2-679511,R-07
2026-03,AV-2025-001653,1-869317,R-07
2026-03,AV-2025-001133,1-137629,R-07
2026-03,AV-2024-002874,1-376477,R-07
2026-03,AV-2025-000928,6-392432,R-07
2026-03,AV-2024-003017,1-253344,R-07
2026-03,AV-2025-002702,5-143931,R-07
2026-03,AV-2026-000592,4-979784,R-07
2026-03,AV-2025-002150,3-933590,R-07
2026-03,AV-2025-002539,3-766200,R-07
2026-03,AV-2025-002953,4-713728,R-07
2026-03,AV-2025-000087,2-298321,R-07
2026-03,AV-2026-002712,3-513914,R-07
2026-03,AV-2024-003926,1-803830,R-07
2026-03,AV-2025-000002,2-696951,R-07
2026-03,AV-2025-000061,2-550243,R-07
2026-03,AV-2024-002273,2-765857,R-07
2026-03,AV-2025-003159,2-329588,R-07
2026-03,AV-2025-001232,2-872175,R-07
2026-03,AV-2024-002957,6-356475,R-07
2026-03,AV-2025-002418,4-370674-230,R-07
2026-03,AV-2025-001428,1-698939,R-07
2026-03,AV-2025-003326,2-836270,R-07
2026-03,AV-2026-003842,2-752157,R-07
2026-03,AV-2025-001043,3-306424,R-07
2026-03,AV-2025-003167,3-220378,R-07
2026-03,AV-2024-002881,2-132643,R-07
2026-03,AV-2024-003188,3-841297,R-07
2026-03,AV-2025-000157,1-286122,R-07
2026-03,AV-2025-001487,2-374892,R-07
2026-03,AV-2026-001706,1-326331,R-07
2026-03,AV-2025-003329,5-333150,R-07
2026-03,AV-2025-001338,2-195604,R-07
2026-03,AV-2024-001471,4-107355,R-07
2026-03,AV-2024-003880,4-308635,R-07
2026-03,AV-2025-003331,1-506195,R-07
2026-03,AV-2026-001308,4-821591,R-07
2026-03,AV-2024-000847,1-422369,R-07
2026-03,AV-2025-000103,4-358528,R-07
2026-03,AV-2026-001646,1-696789,R-07
2026-03,AV-2024-001987,1-106760,R-07
2026-03,AV-2025-000167,2-119915,R-07
2026-03,AV-2026-003408,4-155815,R-07
2026-03,AV-2025-002862,4-491014,R-07
2026-03,AV-2025-003652,4-375870,R-07
2026-03,AV-2025-003603,5-188308,R-07
2026-03,AV-2024-001260,3-559923,R-07
2026-03,AV-2025-000528,1-643940,R-07
2026-03,AV-2024-003241,2-548094,R-07
2026-03,AV-2025-000422,3-610752,R-07
2026-03,AV-2024-000401,1-926426,R-07
2026-03,AV-2025-001177,2-220954,R-07
2026-03,AV-2025-000695,1-570874,R-07
2026-03,AV-2024-000337,3-777291,R-07
2026-03,AV-2026-003030,1-411134,R-07
2026-03,AV-2025-003910,4-406954,R-07
2026-03,AV-2024-000086,2-716120,R-07
2026-03,AV-2026-003375,3-871833,R-07
2026-03,AV-2025-001337,5-301325,R-07
2026-03,AV-2025-001923,3-371214,R-07
2026-03,AV-2024-001722,1-405848,R-07
2026-03,AV-2025-002345,2-179033,R-07
2026-03,AV-2025-001711,3-870784-140,R-07
2026-03,AV-2026-001930,1-613001,R-07
2026-03,AV-2025-001108,3-136903,R-07
2026-03,AV-2025-001234,1-555322,R-07
2026-03,AV-2024-000121,1-247630,R-07
2026-03,AV-2025-001760,7-763650,R-07
2026-03,AV-2024-003757,1-852455,R-07
2026-03,AV-2025-003705,2-320289,R-07
2026-03,AV-2025-003689,3-950655,R-07
2026-03,AV-2025-003943,1-714627,R-07
2026-03,AV-2024-001785,1-443589,R-07
2026-03,AV-2025-000730,1-870162,R-07
2026-03,AV-2025-002663,5-798277,R-07
2026-03,AV-2026-000792,5-523728-057,R-07
2026-03,AV-2025-002452,7-252378,R-07
2026-03,AV-2025-003812,4-754142,R-07
2026-03,AV-2025-001702,4-174066,R-07
2026-03,AV-2025-000479,1-777515,R-07
2026-03,AV-2025-003513,4-828681,R-07
2026-03,AV-2025-000372,5-407113,R-07
2026-03,AV-2025-002532,2-850541,R-07
2026-03,AV-2026-002429,1-457235,R-07
2026-03,AV-2024-003925,7-881018,R-07
2026-03,AV-2026-001431,1-135657,R-07
2026-03,AV-2025-002547,1-379359,R-07
2026-03,AV-2025-001483,1-804526,R-06
2026-03,AV-2025-002433,6-197721-024,R-06
2026-03,AV-2025-003778,1-343745-062,R-06
2026-03,AV-2025-002365,4-200323,R-06
2026-03,AV-2025-001657,1-535205-023,R-06
2026-03,AV-2025-001604,1-387288-220,R-06
2026-03,AV-2025-000354,4-494820,R-06
2026-03,AV-2026-003698,6-982161-342,R-06
2026-03,AV-2025-000863,3-671686-183,R-06
2026-03,AV-2024-002929,4-980604,R-06
2026-03,AV-2025-003253,1-177231,R-06
2026-03,AV-2025-000143,7-898219,R-06
2026-03,AV-2025-002548,1-430689,R-06
2026-03,AV-2025-003119,1-718379,R-06
2026-03,AV-2025-000379,1-395045,R-06
2026-03,AV-2025-002944,1-751137,R-06
2026-03,AV-2026-001136,3-449262,R-06
2026-03,AV-2025-002706,1-590998-197,R-06
2026-03,AV-2025-001781,7-767073,R-06
2026-03,AV-2025-003272,3-242379,R-06
2026-03,AV-2025-000509,1-282501-217,R-06
2026-03,AV-2026-001832,4-736614-243,R-06
2026-03,AV-2025-002315,4-795885,R-06
2026-03,AV-2025-000520,1-714808-026,R-06
2026-03,AV-2026-001181,5-717961,R-06
2026-03,AV-2024-003928,4-190235-030,R-06
2026-03,AV-2025-000469,6-432817,R-06
2026-03,AV-2025-000536,1-995647,R-06
2026-03,AV-2025-002287,3-363061,R-06
2026-03,AV-2025-001715,4-864129-262,R-06
2026-03,AV-2025-001652,7-747619,R-06
2026-03,AV-2026-000094,1-528363,R-06
2026-03,AV-2025-000290,1-277862,R-06
2026-03,AV-2025-000165,1-742581,R-06
2026-03,AV-2026-003792,3-343848,R-06
2026-03,AV-2025-002674,5-445493-039,R-06
2026-03,AV-2025-002479,3-609182-252,R-06
2026-03,AV-2024-001738,4-285585-097,R-06
2026-03,AV-2025-002726,1-736519,R-06
2026-03,AV-2026-002608,6-728012,R-06
2026-03,AV-2025-001740,1-914143,R-06
2026-03,AV-2025-003415,3-769857,R-06
2026-03,AV-2025-002635,1-881657-129,R-06
2026-03,AV-2025-000282,2-756566-354,R-06
2026-03,AV-2024-003893,5-484487-357,R-06
2026-03,AV-2025-002432,1-862218-115,R-06
2026-03,AV-2025-000042,5-751971,R-06
2026-03,AV-2025-001049,1-858987-178,R-06
2026-03,AV-2025-002157,4-706875-232,R-06
2026-03,AV-2024-002902,1-431572-129,R-06
2026-03,AV-2025-003676,1-648320,R-06
2026-03,AV-2025-002156,2-857415,R-06
2026-03,AV-2026-003222,2-929223-315,R-06
2026-03,AV-2024-001645,4-927315-009,R-06
2026-03,AV-2025-002661,4-925059-074,R-06
2026-03,AV-2025-000445,1-140514,R-06
2026-03,AV-2025-002103,4-585170,R-06
2026-03,AV-2025-000855,1-393840-194,R-06
2026-03,AV-2025-002340,7-700298,R-06
2026-03,AV-2026-003953,3-445310,R-06
2026-03,AV-2025-000980,1-916508,R-06
2026-03,AV-2025-002171,2-883048-268,R-06
2026-03,AV-2024-003156,1-598076-197,R-06
2026-03,AV-2025-002773,1-344508,R-06
2026-03,AV-2025-001306,1-464927,R-06
2026-03,AV-2025-002836,2-987693,R-06
2026-03,AV-2024-001237,4-517503,R-06
2026-03,AV-2026-000866,2-174780,R-06
2026-03,AV-2025-003534,2-992351-212,R-06
2026-03,AV-2025-000483,1-959677,R-06
2026-03,AV-2025-001462,4-679451,R-06
2026-03,AV-2025-003127,4-947052-175,R-06
2026-03,AV-2026-003249,6-720342,R-06
2026-03,AV-2025-003665,2-516069,R-06
2026-03,AV-2025-002533,1-829913-042,R-06
2026-03,AV-2026-000323,4-140913-177,R-06
2026-03,AV-2026-001256,4-249974-246,R-06
2026-03,AV-2025-000911,2-387681-032,R-06
2026-03,AV-2024-000662,3-879605,R-06
2026-03,AV-2025-003528,2-478464,R-06
2026-03,AV-2025-000816,3-351842-062,R-06
2026-03,AV-2025-003957,1-991122-012,R-06
2026-03,AV-2025-002011,1-862776,R-06
2026-03,AV-2025-000935,3-754199,R-06
2026-03,AV-2026-002013,1-999716-359,R-06
2026-03,AV-2024-000613,1-604192,R-06
2026-03,AV-2024-003258,1-761303,R-06
2026-03,AV-2025-002559,4-879413,R-06
2026-03,AV-2025-002893,2-123541-038,R-06
2026-03,AV-2025-002565,4-330468,R-06
2026-03,AV-2025-000810,1-911388,R-06
2026-03,AV-2025-003444,3-954324-335,R-06
2026-03,AV-2025-003174,4-501071,R-06
2026-03,AV-2025-000378,4-851918-351,R-06
2026-03,AV-2024-002233,2-511911,R-06
2026-03,AV-2024-000026,5-497653,R-06
2026-03,AV-2026-002819,1-882115-322,R-06
2026-03,AV-2024-001067,5-742547-121,R-06
2026-03,AV-2025-002474,4-643069,R-06
2026-03,AV-2025-003405,5-629406,R-06
2026-03,AV-2025-002045,4-972867-394,R-06
2026-03,AV-2025-003522,3-769327,R-06
2026-03,AV-2025-000077,1-542214-330,R-06
2026-03,AV-2025-001671,4-223457-286,R-06
2026-03,AV-2025-000333,1-300341,R-06
2026-03,AV-2025-001144,2-137582,R-06
2026-03,AV-2025-003215,1-154663-096,R-06
2026-03,AV-2026-002169,4-522091,R-06
2026-03,AV-2025-002293,1-298127-042,R-06
2026-03,AV-2025-000276,3-991209,R-06
2026-03,AV-2025-003524,1-122100-080,R-06
2026-03,AV-2025-001080,3-170615-207,R-06
2026-03,AV-2025-001887,7-202111-315,R-06
2026-03,AV-2025-001943,1-444258,R-06
2026-03,AV-2024-002155,1-201184,R-06
2026-03,AV-2026-001544,1-181338,R-06
2026-03,AV-2025-001463,1-854217,R-06
2026-03,AV-2025-003720,4-930947-235,R-06
2026-03,AV-2025-000479,1-777515,R-06
2026-03,AV-2025-001284,6-988594,R-06
2026-03,AV-2025-000075,4-127064,R-06
2026-03,AV-2024-000763,5-940740,R-06
2026-03,AV-2026-000926,2-366741,R-06
2026-03,AV-2025-000886,1-120483,R-06
2026-03,AV-2026-000571,7-899666,R-06
2026-03,AV-2025-003511,6-890574,R-06
2026-03,AV-2024-000370,7-452099,R-06
2026-03,AV-2025-001621,7-745334-136,R-06
2026-03,AV-2024-001527,4-305699,R-06
2026-03,AV-2025-000271,2-959764,R-06
2026-03,AV-2025-001127,6-889111-107,R-06
2026-03,AV-2025-002804,2-664654,R-06
2026-03,AV-2025-003889,1-530748,R-06
2026-03,AV-2025-003887,3-996029-269,R-06
2026-03,AV-2025-001691,1-637049-083,R-06
2026-03,AV-2025-003689,3-950655,R-06
2026-03,AV-2025-003741,7-899039,R-06
2026-03,AV-2026-002875,4-880003,R-06
2026-03,AV-2024-003476,1-955663,R-06
2026-03,AV-2025-003217,4-336693,R-06
2026-03,AV-2025-002538,1-236510,R-06
2026-03,AV-2024-000258,1-793119-348,R-06
2026-03,AV-2024-003503,4-388625,R-06
2026-03,AV-2025-000860,1-327809,R-06
2026-03,AV-2025-003297,4-254214-247,R-06
2026-03,AV-2025-003080,4-223259,R-06
2026-03,AV-2024-001538,3-457809-373,R-06
2026-03,AV-2024-001785,1-443589,R-06
2026-03,AV-2025-000140,4-423919-397,R-06
2026-03,AV-2024-002711,3-420644,R-06
2026-03,AV-2025-003350,4-741961,R-06
2026-03,AV-2025-001927,3-995650,R-06
2026-03,AV-2025-003924,1-950043-355,R-06
2026-03,AV-2025-003950,1-559908,R-06
2026-03,AV-2025-001769,1-897518,R-06
2026-03,AV-2026-000961,1-264460,R-06
2026-03,AV-2024-002634,4-789541-195,R-06
2026-03,AV-2025-002452,7-252378,R-06
2026-03,AV-2025-000400,1-185516-383,R-06
2026-03,AV-2024-002142,4-339088,R-06
2026-03,AV-2024-001358,4-472741,R-06
2026-03,AV-2025-002922,4-353684,R-06
2026-03,AV-2026-003029,3-587849-111,R-06
2026-03,AV-2026-000231,1-667905,R-06
2026-03,AV-2024-000725,3-806276-175,R-06
2026-03,AV-2025-001143,4-289380,R-06
2026-03,AV-2025-003885,4-854504,R-06
2026-03,AV-2025-000709,1-777187-309,R-06
2026-03,AV-2025-000056,1-565517,R-06
2026-03,AV-2026-003015,3-907620-108,R-06
2026-03,AV-2025-000543,5-598561,R-06
2026-03,AV-2025-001022,4-763220-369,R-06
2026-03,AV-2025-001421,1-182541,R-06
2026-03,AV-2026-003304,1-958457,R-06
2026-03,AV-2025-002680,2-790797-239,R-06
2026-03,AV-2025-002278,5-408156-345,R-06
2026-03,AV-2024-000512,7-327158,R-06
2026-03,AV-2025-003851,3-369618,R-06
2026-03,AV-2025-001984,2-950969,R-06
2026-03,AV-2025-003753,4-434699,R-06
2026-03,AV-2025-003537,1-283500,R-06
2026-03,AV-2025-001474,2-488029,R-06
2026-03,AV-2025-000753,4-552428-381,R-06
2026-03,AV-2024-001037,1-704255,R-06
2026-03,AV-2025-002599,1-286287,R-06
2026-03,AV-2024-000357,1-754013,R-06
2026-03,AV-2025-002547,1-379359,R-06
2026-03,AV-2025-003097,1-125844-122,R-06
2026-03,AV-2025-000832,4-247480,R-06
2026-03,AV-2024-001850,3-195465,R-06
2026-03,AV-2026-002889,4-692419,R-06
2026-03,AV-2025-002234,1-670657,R-06
2026-03,AV-2024-000121,1-247630,R-06
2026-03,AV-2024-003595,1-579136,R-06
2026-03,AV-2026-000185,7-373452,R-06
2026-03,AV-2025-003597,1-581813,R-06
2026-03,AV-2024-002208,5-998930-213,R-06
2026-03,AV-2025-001413,7-691826,R-06
2026-03,AV-2024-001456,4-718035,R-06
2026-03,AV-2025-002281,4-534066,R-06
2026-03,AV-2024-003649,1-828461-301,R-06
2026-03,AV-2026-000066,2-272775,R-06
2026-03,AV-2024-003038,1-805080,R-06
2026-03,AV-2026-000612,6-959754,R-06
2026-03,AV-2024-001315,1-975113,R-06
2026-03,AV-2026-001310,1-563672,R-06
2026-03,AV-2025-001533,3-357422,R-06
2026-03,AV-2026-002028,2-101789,R-06
2026-03,AV-2025-003550,1-781452,R-06
2026-03,AV-2025-003935,1-760221-384,R-06
2026-03,AV-2025-000392,4-713062,R-06
2026-03,AV-2024-001009,2-426171,R-06
2026-03,AV-2024-002874,1-376477,R-06
2026-03,AV-2024-000477,6-883218,R-06
2026-03,AV-2025-002996,1-413533-156,R-06
2026-03,AV-2025-001240,7-241624,R-06
2026-03,AV-2025-001121,3-212716-130,R-06
2026-03,AV-2025-003485,2-801958,R-06
2026-03,AV-2025-002334,1-667417,R-06
2026-03,AV-2025-001129,6-191382,R-06
2026-03,AV-2025-002882,2-306590,R-06
2026-03,AV-2024-003052,3-476406-368,R-06
2026-03,AV-2025-001549,4-222371,R-06
2026-03,AV-2025-000424,1-982729,R-06
2026-03,AV-2025-000273,4-282947,R-06
2026-03,AV-2025-001771,5-484088,R-06
2026-03,AV-2024-002815,3-360691,R-06
2026-03,AV-2025-001802,1-223425-187,R-06
2026-03,AV-2024-000297,4-486309,R-06
2026-03,AV-2024-000166,1-748812,R-06
2026-03,AV-2025-001952,1-545157-109,R-06
2026-03,AV-2026-001897,1-723240,R-06
2026-03,AV-2025-002542,4-747282,R-06
2026-03,AV-2025-003557,3-662538,R-06
2026-03,AV-2025-002900,6-995420,R-06
2026-03,AV-2024-000394,1-593321,R-06
2026-03,AV-2025-000639,1-891744,R-06
2026-03,AV-2025-001623,4-456725,R-06
2026-03,AV-2025-003460,1-650143-310,R-06
2026-03,AV-2025-000737,6-449218-070,R-06
2026-03,AV-2024-003501,3-362859,R-06
2026-03,AV-2024-002980,6-864514,R-06
2026-03,AV-2025-000514,4-745864-373,R-06
2026-03,AV-2025-002655,3-535617,R-06
2026-03,AV-2024-001171,1-237457-135,R-06
2026-03,AV-2024-003602,1-854097,R-06
2026-03,AV-2025-001582,4-119756,R-06
2026-03,AV-2024-000923,1-442776-172,R-06
2026-03,AV-2025-002092,1-342583,R-06
2026-03,AV-2024-002708,3-979647,R-06
2026-03,AV-2025-001481,4-429477,R-06
2026-03,AV-2025-001918,2-845866,R-06
2026-03,AV-2026-000591,2-705394,R-06
2026-03,AV-2025-000210,4-337225,R-06
2026-03,AV-2024-003922,1-919989,R-06
2026-03,AV-2026-003030,1-411134,R-06
2026-03,AV-2024-002881,2-132643,R-06
2026-03,AV-2025-000303,1-662735,R-08
2026-03,AV-2025-002520,1-349945,R-08
2026-03,AV-2025-002882,2-306590,R-08
2026-03,AV-2025-001417,1-462157,R-08
2026-03,AV-2025-001224,1-620650-308,R-08
2026-03,AV-2026-001879,3-815157,R-08
2026-03,AV-2025-003890,6-791202,R-08
2026-03,AV-2025-000865,1-524008-376,R-08
2026-03,AV-2025-003442,1-184171-251,R-08
2026-03,AV-2025-000273,4-282947,R-08
2026-03,AV-2026-000739,2-503155,R-08
2026-03,AV-2024-002779,1-327555,R-08
2026-03,AV-2025-001449,1-225689,R-08
2026-03,AV-2025-000516,1-452356,R-08
2026-03,AV-2024-001901,1-752201-388,R-08
2026-03,AV-2024-001651,3-679834,R-08
2026-03,AV-2025-000309,1-908549-395,R-08
2026-03,AV-2026-003505,1-868612,R-08
2026-03,AV-2024-002262,1-314897,R-08
2026-03,AV-2024-003684,4-422816,R-08
2026-03,AV-2025-000032,5-888463,R-08
2026-03,AV-2024-003410,4-798002-096,R-08
2026-03,AV-2024-000297,4-486309,R-08
2026-03,AV-2024-000892,2-908573,R-08
2026-03,AV-2025-000646,4-926855,R-08
2026-03,AV-2024-001572,3-393393,R-08
2026-03,AV-2025-003896,1-396547,R-08
2026-03,AV-2025-002524,2-807751,R-08
2026-03,AV-2024-000829,1-512586,R-08
2026-03,AV-2024-000923,1-442776-172,R-08
2026-03,AV-2025-000105,6-305181-311,R-08
2026-03,AV-2025-001240,7-241624,R-08
2026-03,AV-2026-003054,1-470895,R-08
2026-03,AV-2026-001926,4-760845,R-08
2026-03,AV-2026-000867,1-302752-046,R-08
2026-03,AV-2025-003594,3-860948,R-08
2026-03,AV-2025-003040,2-501430,R-08
2026-03,AV-2025-003822,3-749951,R-08
2026-03,AV-2024-002321,1-299296,R-08
2026-03,AV-2024-001750,2-218485-214,R-08
2026-03,AV-2025-001121,3-212716-130,R-08
2026-03,AV-2025-000261,1-953109,R-08
2026-03,AV-2025-003255,5-965162,R-08
2026-03,AV-2025-001108,3-136903,R-08
2026-03,AV-2024-003267,4-682504,R-08
2026-03,AV-2024-001599,1-595931,R-08
2026-03,AV-2026-003440,1-387926,R-08
2026-03,AV-2025-000325,4-677186,R-08
2026-03,AV-2025-002379,5-188130,R-08
2026-03,AV-2025-003387,1-900829-371,R-08
2026-03,AV-2025-003330,1-413509,R-08
2026-03,AV-2025-001822,7-921985,R-08
2026-03,AV-2025-001286,2-188590-292,R-08
2026-03,AV-2025-000215,2-107489-173,R-08
2026-03,AV-2025-003571,5-608553,R-08
2026-03,AV-2025-003245,1-490094,R-08
2026-03,AV-2024-003368,6-379001,R-08
2026-03,AV-2026-003762,2-950868,R-08
2026-03,AV-2024-002748,2-962104,R-08
2026-03,AV-2025-001641,4-221821,R-08
2026-03,AV-2025-002813,2-562718,R-08
2026-03,AV-2026-002316,4-557968,R-08
2026-03,AV-2025-003639,3-508601,R-08
2026-03,AV-2025-002458,1-877101-190,R-08
2026-03,AV-2026-000078,7-769883,R-08
2026-03,AV-2025-001481,4-429477,R-08
2026-03,AV-2025-003316,2-346310,R-08
2026-03,AV-2026-003294,4-130091,R-08
2026-03,AV-2026-003504,1-398474,R-08
2026-03,AV-2025-001383,2-308754,R-08
2026-03,AV-2025-001955,5-130762,R-08
2026-03,AV-2025-001760,7-763650,R-08
2026-03,AV-2025-001665,2-699276,R-08
2026-03,AV-2025-003323,2-420089,R-08
2026-03,AV-2024-003052,3-476406-368,R-08
2026-03,AV-2025-003656,1-401316,R-08
2026-03,AV-2024-001787,4-963537,R-08
2026-03,AV-2025-001019,1-409230,R-08
2026-03,AV-2025-003815,3-323839,R-08
2026-03,AV-2026-003173,4-263548,R-08
2026-03,AV-2025-002825,5-475202,R-08
2026-03,AV-2024-003758,6-412551,R-08
2026-03,AV-2024-003772,4-249964,R-08
2026-03,AV-2024-000274,3-390426,R-08
2026-03,AV-2024-002846,3-181667,R-08
2026-03,AV-2025-003703,1-714445,R-08
2026-03,AV-2026-003678,4-822547-058,R-08
2026-03,AV-2025-002215,1-476515-315,R-08
2026-03,AV-2025-001617,1-806626,R-08
2026-03,AV-2026-000341,1-497060,R-08
2026-03,AV-2025-001743,2-378853-245,R-08
2026-03,AV-2024-002531,1-661202,R-08
2026-03,AV-2025-003990,3-784103,R-08
2026-03,AV-2025-000485,1-940924-131,R-08
2026-03,AV-2024-002125,2-557969,R-08
2026-03,AV-2025-001632,4-940363,R-08
2026-03,AV-2025-001613,2-272040,R-08
2026-03,AV-2025-000207,6-254558,R-08
2026-03,AV-2025-003433,3-498814,R-08
2026-03,AV-2025-000150,5-369142,R-08
2026-03,AV-2024-003431,2-939308,R-08
2026-03,AV-2024-001848,2-529032,R-08
2026-03,AV-2025-003471,2-879892,R-08
2026-03,AV-2025-003589,1-939619,R-08
2026-03,AV-2025-001086,1-365436-231,R-08
2026-03,AV-2025-001099,2-803559,R-08
2026-03,AV-2024-000405,4-629328-125,R-08
2026-03,AV-2025-003031,5-713933,R-08
2026-03,AV-2025-002046,5-488061,R-08
2026-03,AV-2026-002809,2-757526,R-08
2026-03,AV-2025-002934,1-450726,R-08
2026-03,AV-2025-002631,7-839630-108,R-08
2026-03,AV-2026-000438,5-310536,R-08
2026-03,AV-2025-000771,4-970273,R-08
2026-03,AV-2025-000071,3-273956,R-08
2026-03,AV-2025-001590,1-331464,R-08
2026-03,AV-2025-001422,6-715705,R-08
2026-03,AV-2025-002660,1-399580-019,R-08
2026-03,AV-2025-003705,2-320289,R-08
2026-03,AV-2025-003806,5-410892,R-08
2026-03,AV-2024-002815,3-360691,R-08
2026-03,AV-2026-002429,1-457235,R-08
2026-03,AV-2025-001582,4-119756,R-08
2026-03,AV-2025-000639,1-891744,R-08
2026-03,AV-2024-002304,2-567949,R-08
2026-03,AV-2026-001029,4-657535,R-08
2026-03,AV-2024-000838,4-609029-114,R-08
2026-03,AV-2025-002185,6-935660,R-08
2026-03,AV-2026-000591,2-705394,R-08
2026-03,AV-2025-002845,3-722106,R-08
2026-03,AV-2024-002808,4-943514-159,R-08
2026-03,AV-2024-002517,4-812171,R-08
2026-03,AV-2025-001861,1-330743,R-08
2026-03,AV-2025-001537,5-993683,R-08
2026-03,AV-2026-001318,1-719973-373,R-08
2026-03,AV-2025-001623,4-456725,R-08
2026-03,AV-2024-001774,1-817624-374,R-08
2026-03,AV-2024-000824,1-485457-134,R-08
2026-03,AV-2026-003346,1-430580,R-08
2026-03,AV-2026-002746,4-404832,R-08
2026-03,AV-2026-001930,1-613001,R-08
2026-03,AV-2025-003352,1-692438,R-08
2026-03,AV-2024-003724,1-878812,R-08
2026-03,AV-2025-001518,1-673985-199,R-08
2026-03,AV-2026-000184,3-385047,R-08
2026-03,AV-2024-003649,1-828461-301,R-08
2026-03,AV-2026-002970,4-653798,R-08
2026-03,AV-2025-001557,7-625220,R-08
2026-03,AV-2024-000269,2-694960,R-08
2026-03,AV-2025-001290,7-393394,R-08
2026-03,AV-2025-001680,4-778918,R-08
2026-03,AV-2026-003787,4-527241,R-08
2026-03,AV-2024-000924,1-411274,R-08
2026-03,AV-2026-002488,1-417116,R-08
2026-03,AV-2024-000154,1-332092,R-08
2026-03,AV-2025-003616,1-202491-256,R-08
2026-03,AV-2025-003978,4-760638,R-08
2026-03,AV-2025-003273,1-824668,R-08
2026-03,AV-2025-002671,1-690434-374,R-08
2026-03,AV-2025-002886,1-328744-033,R-08
2026-03,AV-2025-000815,5-891479-119,R-08
2026-03,AV-2025-001835,1-103163,R-08
2026-03,AV-2025-000251,2-611205-092,R-08
2026-03,AV-2026-002425,7-812280,R-08
2026-03,AV-2025-001309,1-367137,R-08
2026-03,AV-2025-002146,1-320839,R-08
2026-03,AV-2026-000367,2-953812,R-08
2026-03,AV-2025-000302,3-496468,R-08
2026-03,AV-2025-002905,7-457098,R-08
2026-03,AV-2026-000817,3-152891,R-08
2026-03,AV-2025-003668,4-560136,R-08
2026-03,AV-2026-001897,1-723240,R-08
2026-03,AV-2024-001171,1-237457-135,R-08
2026-03,AV-2025-002714,3-759685,R-08
2026-03,AV-2026-003404,4-119449,R-08
2026-03,AV-2025-002060,2-231741,R-08
2026-03,AV-2026-003342,3-475880,R-08
2026-03,AV-2025-002655,3-535617,R-08
2026-03,AV-2025-002085,6-970646-123,R-08
2026-03,AV-2025-003614,1-208024,R-08
2026-03,AV-2025-003094,6-502854-108,R-08
2026-03,AV-2026-001431,1-135657,R-08
2026-03,AV-2025-003081,3-508376,R-08
2026-03,AV-2025-000631,4-855040,R-08
2026-03,AV-2025-000126,1-316844,R-08
2026-03,AV-2026-002296,6-822966,R-08
2026-03,AV-2024-000476,4-785764-355,R-08
2026-03,AV-2025-000905,1-743434,R-08
2026-03,AV-2024-001844,1-586811-389,R-08
2026-03,AV-2025-001533,3-357422,R-08
2026-03,AV-2026-000308,1-224039,R-08
2026-03,AV-2025-003555,4-941889,R-08
2026-03,AV-2025-000044,7-986641,R-08
2026-03,AV-2025-001094,3-539447,R-08
2026-03,AV-2024-000490,1-471621,R-08
2026-03,AV-2025-000210,4-337225,R-08
2026-03,AV-2024-001054,4-206970,R-08
2026-03,AV-2025-000296,5-834615,R-08
2026-03,AV-2025-003386,2-266039,R-08
2026-03,AV-2025-003943,1-714627,R-08
2026-03,AV-2025-001561,4-390081,R-08
2026-03,AV-2024-002174,4-878863,R-08
2026-03,AV-2025-000836,3-782102,R-08
2026-03,AV-2025-000102,1-673886,R-08
2026-03,AV-2025-003328,7-231744-047,R-08
2026-03,AV-2026-002028,2-101789,R-08
2026-03,AV-2025-001944,1-550969,R-08
2026-03,AV-2025-001702,4-174066,R-08
2026-03,AV-2024-003636,3-179347,R-08
2026-03,AV-2025-001802,1-223425-187,R-08
2026-03,AV-2026-002087,5-450970,R-08
2026-03,AV-2025-001165,1-211983-379,R-08
2026-03,AV-2024-003506,4-170971,R-08
2026-03,AV-2026-001741,7-147365,R-08
2026-03,AV-2024-000487,5-750544-362,R-08
2026-03,AV-2025-001708,1-440260,R-08
2026-03,AV-2025-002693,4-124585,R-08
2026-03,AV-2025-003266,3-826778,R-08
2026-03,AV-2025-001234,1-555322,R-08
2026-03,AV-2025-000737,6-449218-070,R-08
2026-03,AV-2025-001700,4-481450-334,R-08
2026-03,AV-2025-002053,7-758128,R-08
2026-03,AV-2025-000244,4-999990,R-08
2026-03,AV-2026-000192,2-561865,R-08
2026-03,AV-2025-001876,1-656428,R-08
2026-03,AV-2025-003507,4-884160,R-08
2026-03,AV-2025-003099,1-742222,R-08
2026-03,AV-2025-003768,4-710515-197,R-08
2026-03,AV-2026-000385,1-201693-214,R-08
2026-03,AV-2025-002311,1-987614,R-08
2026-03,AV-2024-003446,6-271883,R-08
2026-03,AV-2025-002772,2-656293,R-08
2026-03,AV-2025-002648,1-506648,R-08
2026-03,AV-2025-001668,1-547897,R-08
2026-03,AV-2025-002647,1-725396-182,R-08
2026-03,AV-2024-000682,5-820549,R-08
2026-03,AV-2025-002177,2-334611,R-08
2026-03,AV-2025-003933,2-565538-151,R-08
2026-03,AV-2024-003599,5-569236,R-08
2026-03,AV-2025-003295,1-504897,R-08
2026-03,AV-2025-002393,2-623587,R-08
2026-03,AV-2025-000660,4-932860,R-08
2026-03,AV-2025-002904,1-663457,R-08
2026-03,AV-2024-003038,1-805080,R-08
2026-03,AV-2025-003351,5-452191,R-08
2026-03,AV-2025-000514,4-745864-373,R-08
2026-03,AV-2025-003278,1-284165,R-08
2026-03,AV-2025-000414,5-235509,R-08
2026-03,AV-2024-002149,1-374388,R-08
2026-03,AV-2025-002289,1-211298,R-08
2026-03,AV-2025-000805,2-662344,R-08
2026-03,AV-2024-002251,5-668248-357,R-08
2026-03,AV-2025-000404,7-195127,R-08
2026-03,AV-2024-003977,1-661928,R-08
2026-03,AV-2024-001858,4-929619,R-08
2026-03,AV-2025-003306,1-313713,R-08
2026-03,AV-2025-000315,1-877794,R-08
2026-03,AV-2025-000904,2-484925,R-08
2026-03,AV-2025-003332,1-893663,R-08
2026-03,AV-2025-001249,3-866150,R-08
2026-03,AV-2026-001778,1-649769,R-08
2026-03,AV-2025-000883,6-497681,R-08
2026-03,AV-2025-003484,5-840775-066,R-08
2026-03,AV-2025-001622,4-697037,R-08
2026-03,AV-2024-003925,7-881018,R-08
2026-03,AV-2025-003738,1-150900-365,R-08
2026-03,AV-2024-002270,2-351070,R-08
2026-03,AV-2024-000166,1-748812,R-08
2026-03,AV-2025-003432,2-696035,R-08
2026-03,AV-2026-001154,1-767028,R-08
2026-03,AV-2026-003726,4-439937,R-08
2026-03,AV-2026-000525,2-943544,R-08
2026-03,AV-2024-000653,1-507773-250,R-08
2026-03,AV-2025-001453,1-906169,R-08
2026-03,AV-2026-000978,2-408197,R-08
2026-03,AV-2025-003257,1-854983,R-08
2026-03,AV-2025-001253,3-719399-024,R-08
2026-03,AV-2025-001744,3-339080,R-08
2026-03,AV-2024-000922,1-642734,R-08
2026-03,AV-2026-003635,5-399918,R-08
2026-03,AV-2025-000092,3-260841,R-08
2026-03,AV-2025-003823,4-153328,R-08
2026-03,AV-2025-001016,4-361979-140,R-08
2026-03,AV-2025-001184,4-559852,R-08
2026-03,AV-2025-003499,7-645490,R-08
2026-03,AV-2025-001996,2-340925,R-08
2026-03,AV-2025-000136,1-465456,R-08
2026-03,AV-2025-003084,1-840058,R-08
2026-03,AV-2025-002260,2-324675,R-08
2026-03,AV-2025-001701,1-763481,R-08
2026-03,AV-2025-003439,1-880781,R-08
2026-03,AV-2025-000950,2-944416,R-08
2026-03,AV-2025-001724,5-886656,R-08
2026-03,AV-2025-001690,2-377437,R-08
2026-03,AV-2025-001235,6-839340,R-08
2026-03,AV-2025-000449,1-619657,R-08
2026-03,AV-2024-002979,5-672419,R-08
2026-03,AV-2025-001519,4-541458,R-08
2026-03,AV-2025-002288,3-708581,R-08
2026-03,AV-2025-002031,2-180073,R-08
2026-03,AV-2024-000915,4-180961-040,R-08
2026-03,AV-2024-003416,1-660004,R-08
2026-03,AV-2025-000730,1-870162,R-08
2026-03,AV-2025-000762,4-894437,R-08
2026-03,AV-2026-001872,1-652909,R-08
2026-03,AV-2025-001794,7-625833,R-08
2026-03,AV-2025-000104,1-832379,R-08
2026-03,AV-2024-003131,1-582833-099,R-08
2026-03,AV-2024-003645,3-246050,R-08
2026-03,AV-2024-003136,1-336492,R-08
2026-03,AV-2025-003873,3-609539,R-08
2026-03,AV-2025-003733,1-814545,R-08
2026-03,AV-2025-002996,1-413533-156,R-08
2026-03,AV-2025-001968,1-212757,R-08
2026-03,AV-2025-003662,7-565828-300,R-08
2026-03,AV-2025-002913,5-580323,R-08
2026-03,AV-2025-003138,4-147822,R-08
2026-03,AV-2025-000482,1-958774,R-08
2026-03,AV-2025-001361,1-651024,R-08
2026-03,AV-2025-000999,5-880033,R-08
2026-03,AV-2025-003591,1-165041-084,R-08
2026-03,AV-2024-001960,1-710625,R-08
2026-03,AV-2025-002641,4-396163-051,R-08
2026-03,AV-2026-003382,1-873831-081,R-08
2026-03,AV-2025-003942,4-153104,R-08
2026-03,AV-2025-003454,3-415630-357,R-08
2026-03,AV-2024-002912,4-107174,R-08
2026-03,AV-2024-003757,1-852455,R-08
2026-03,AV-2024-001315,1-975113,R-08
2026-03,AV-2025-000885,7-958564,R-08
2026-03,AV-2025-003339,1-552222,R-08
2026-03,AV-2025-003460,1-650143-310,R-08
2026-03,AV-2025-002162,1-397591-384,R-08
2026-03,AV-2024-000477,6-883218,R-08
2026-03,AV-2025-000789,2-916213-173,R-08
2026-03,AV-2024-002243,1-262047,R-08
2026-03,AV-2024-000906,4-919091-397,R-08
2026-03,AV-2024-002332,1-105754,R-08
2026-03,AV-2025-003348,1-674517,R-08
2026-03,AV-2025-002542,4-747282,R-08
2026-03,AV-2025-003480,4-641613,R-08
2026-03,AV-2025-002057,1-442790,R-08
2026-03,AV-2026-002237,6-604083,R-08
2026-03,AV-2025-003525,3-348174,R-08
2026-03,AV-2024-003501,3-362859,R-08
2026-03,AV-2026-002115,2-249225,R-08
2026-03,AV-2025-001504,7-537777,R-08
2026-03,AV-2025-001170,1-936679,R-08
2026-03,AV-2026-003045,2-960015,R-08
2026-03,AV-2024-003714,4-193441,R-08
2026-03,AV-2025-003170,1-725276-357,R-08
2026-03,AV-2026-002004,1-583074,R-08
2026-03,AV-2024-003807,2-923495,R-08
2026-03,AV-2025-002231,1-704190-079,R-08
2026-03,AV-2024-000693,4-133407-381,R-08
2026-03,AV-2025-002328,3-460019,R-08
2026-03,AV-2025-003970,1-760448,R-08
2026-03,AV-2025-002900,6-995420,R-08
2026-03,AV-2024-003961,1-408286,R-08
2026-03,AV-2025-000909,1-423164,R-08
2026-03,AV-2024-001663,6-622258-390,R-08
2026-03,AV-2025-002424,5-950720,R-08
2026-03,AV-2025-003381,1-420467,R-08
2026-03,AV-2026-003486,1-110394,R-08
2026-03,AV-2025-003194,1-623930,R-08
2026-03,AV-2025-003801,4-594674,R-08
2026-03,AV-2025-003969,2-392222,R-08
2026-03,AV-2025-003022,1-145917,R-08
2026-03,AV-2025-002525,4-641660,R-08
2026-03,AV-2024-000394,1-593321,R-08
2026-03,AV-2025-000976,1-494308,R-08
2026-03,AV-2025-001221,4-978295,R-08
2026-03,AV-2024-001009,2-426171,R-08
2026-03,AV-2024-000068,6-226023,R-08
2026-03,AV-2024-002624,2-428010,R-08
2026-03,AV-2025-000844,1-915045,R-08
2026-03,AV-2026-001576,1-753264-287,R-08
2026-03,AV-2025-001153,7-329031,R-08
2026-03,AV-2025-000727,1-594315,R-08
2026-03,AV-2025-001725,4-635289,R-08
2026-03,AV-2025-000501,5-636985,R-08
2026-03,AV-2025-002021,1-154729,R-08
2026-03,AV-2025-000511,3-500074,R-08
2026-03,AV-2025-001236,1-300641-045,R-08
2026-03,AV-2025-000707,3-163994,R-08
2026-03,AV-2025-001129,6-191382,R-08
2026-03,AV-2024-003974,2-634251,R-08
2026-03,AV-2025-002492,6-144410,R-08
2026-03,AV-2026-003132,1-339661,R-08
2026-03,AV-2026-000792,5-523728-057,R-08
2026-03,AV-2025-003236,4-252141,R-08
2026-03,AV-2025-001567,4-615550,R-08
2026-03,AV-2025-001719,4-497479-030,R-08
2026-03,AV-2025-002356,6-278695,R-08
2026-03,AV-2025-002798,6-119777-035,R-08
2026-03,AV-2025-001695,4-776969,R-08
2026-03,AV-2025-001726,2-489240,R-08
2026-03,AV-2025-000174,4-376105,R-08
2026-03,AV-2024-000951,5-965258,R-08
2026-03,AV-2025-000138,1-167395,R-08
2026-03,AV-2024-000242,4-222358,R-08
2026-03,AV-2025-001052,5-673971-081,R-08
2026-03,AV-2024-003148,4-471647,R-08
2026-03,AV-2025-000910,3-242265,R-08
2026-03,AV-2025-002663,5-798277,R-08
2026-03,AV-2025-003206,1-869353,R-08
2026-03,AV-2024-000820,2-463929,R-08
2026-03,AV-2025-003513,4-828681,R-08
2026-03,AV-2025-003231,1-170030-068,R-08
2026-03,AV-2025-000542,7-757614,R-08
2026-03,AV-2025-002529,3-984189,R-08
2026-03,AV-2025-000766,1-810649,R-08
2026-03,AV-2025-002519,4-789748,R-08
2026-03,AV-2024-002962,1-763487,R-08
2026-03,AV-2025-003516,4-174643,R-08
2026-03,AV-2024-002803,3-104602,R-08
2026-03,AV-2025-002820,2-502593,R-08
2026-03,AV-2026-001731,2-301784,R-08
2026-03,AV-2024-002490,5-566359,R-08
2026-03,AV-2025-000372,5-407113,R-08
2026-03,AV-2025-003784,3-704349-237,R-08
2026-03,AV-2025-003812,4-754142,R-08
2026-03,AV-2026-000612,6-959754,R-08
2026-03,AV-2025-002480,1-167615,R-08
2026-03,AV-2024-000569,1-591547-131,R-08
2026-03,AV-2026-003976,1-749883,R-08
2026-03,AV-2025-001952,1-545157-109,R-08
2026-03,AV-2025-003935,1-760221-384,R-08
2026-03,AV-2024-002980,6-864514,R-08
2026-03,AV-2024-002387,3-509559,R-08
2026-03,AV-2025-003424,1-725421-129,R-08
2026-03,AV-2024-000041,3-563828,R-08
2026-03,AV-2025-002133,3-897475,R-08
2026-03,AV-2025-002669,5-563692,R-08
2026-03,AV-2025-000329,1-636225-327,R-08
2026-03,AV-2025-002334,1-667417,R-08
2026-03,AV-2026-002193,5-582858,R-08
2026-03,AV-2025-001782,2-353199,R-08
2026-03,AV-2026-001063,3-315757-229,R-08
2026-03,AV-2024-003922,1-919989,R-08
2026-03,AV-2025-000588,5-196034,R-08
2026-03,AV-2025-001974,1-535213,R-08
2026-03,AV-2026-000255,2-864922,R-08
2026-03,AV-2025-003514,4-482035-336,R-08
2026-03,AV-2025-002672,2-432995,R-08
2026-03,AV-2025-001846,3-368741,R-08
2026-03,AV-2026-003770,1-810892,R-08
2026-03,AV-2025-002109,3-874418,R-08
2026-03,AV-2024-002601,4-566213,R-08
2026-03,AV-2025-001075,1-528574,R-08
2026-03,AV-2025-001156,2-457277,R-08
2026-03,AV-2024-003518,1-711344,R-08
2026-03,AV-2024-001661,1-285547-381,R-08
2026-03,AV-2026-003909,1-674997-321,R-08
2026-03,AV-2025-002532,2-850541,R-08
2026-03,AV-2025-003221,1-892195,R-08
2026-03,AV-2025-000424,1-982729,R-08
2026-03,AV-2025-000114,1-337593-022,R-08
2026-03,AV-2025-003831,5-838664-331,R-08
2026-03,AV-2025-002528,6-897496,R-08
2026-03,AV-2025-003759,4-719878,R-08
2026-03,AV-2025-003557,3-662538,R-08
2026-03,AV-2026-003746,4-518823,R-08
2026-03,AV-2025-000169,5-179998,R-08
2026-03,AV-2024-001209,3-659342,R-08
2026-03,AV-2025-001950,1-730047,R-08
2026-03,AV-2026-000641,4-459607,R-08
2026-03,AV-2025-003083,4-750979-008,R-08
2026-03,AV-2025-002290,5-451781,R-08
2026-03,AV-2025-001294,1-916773,R-08
2026-03,AV-2025-003247,1-416116,R-08
2026-03,AV-2025-001693,3-755286,R-08
2026-03,AV-2025-002610,4-644550,R-08
2026-03,AV-2025-000099,1-144025,R-08
2026-03,AV-2025-001918,2-845866,R-08
2026-03,AV-2025-003561,1-271122,R-08
2026-03,AV-2025-001818,1-652805,R-08
2026-03,AV-2025-001366,1-630542,R-08
2026-03,AV-2025-001834,1-868220,R-08
2026-03,AV-2025-000563,1-621519,R-08
2026-03,AV-2025-000400,1-185516-383,R-08
2026-03,AV-2025-001629,2-147217,R-08
2026-03,AV-2024-002956,1-653494,R-08
2026-03,AV-2025-000075,4-127064,R-08
2026-03,AV-2025-003924,1-950043-355,R-08
2026-03,AV-2026-000231,1-667905,R-08
2026-03,AV-2025-000753,4-552428-381,R-08
2026-03,AV-2024-002034,3-212943,R-08
2026-03,AV-2025-000911,2-387681-032,R-08
2026-03,AV-2026-003375,3-871833,R-08
2026-03,AV-2025-001219,7-923578,R-08
2026-03,AV-2026-003842,2-752157,R-08
2026-03,AV-2025-001071,6-609129,R-08
2026-03,AV-2025-003534,2-992351-212,R-08
2026-03,AV-2026-002308,1-405969,R-08
2026-03,AV-2025-002418,4-370674-230,R-08
2026-03,AV-2026-001136,3-449262,R-08
2026-03,AV-2025-000143,7-898219,R-08
2026-03,AV-2025-003851,3-369618,R-08
2026-03,AV-2024-002634,4-789541-195,R-08
2026-03,AV-2024-001850,3-195465,R-08
2026-03,AV-2025-001463,1-854217,R-08
2026-03,AV-2025-002804,2-664654,R-08
2026-03,AV-2024-002929,4-980604,R-08
2026-03,AV-2026-003698,6-982161-342,R-08
2026-03,AV-2025-002635,1-881657-129,R-08
2026-03,AV-2025-001135,7-297229,R-08
2026-03,AV-2025-001887,7-202111-315,R-08
2026-03,AV-2025-000124,7-786695-235,R-08
2026-03,AV-2026-000826,1-519306,R-08
2026-03,AV-2025-001022,4-763220-369,R-08
2026-03,AV-2026-001706,1-326331,R-08
2026-03,AV-2025-000354,4-494820,R-08
2026-03,AV-2025-003778,1-343745-062,R-08
2026-03,AV-2026-002608,6-728012,R-08
2026-03,AV-2025-002376,2-566238,R-08
2026-03,AV-2025-002661,4-925059-074,R-08
2026-03,AV-2025-000456,2-515003,R-07
2026-03,AV-2025-003761,3-675271,R-07
2026-03,AV-2024-001721,1-504655,R-07
2026-03,AV-2025-003169,1-622184,R-07
2026-03,AV-2025-001280,2-658401,R-07
2026-03,AV-2025-001535,1-317129,R-07
2026-03,AV-2025-001470,1-517889,R-07
2026-03,AV-2025-003461,5-806968,R-07
2026-03,AV-2025-001190,3-668289,R-07
2026-03,AV-2025-002066,1-441609-243,R-07
2026-03,AV-2026-001499,6-665725,R-07
2026-03,AV-2025-003489,5-345427,R-07
2026-03,AV-2025-002394,6-436775,R-07
2026-03,AV-2025-003004,3-507829,R-07
2026-03,AV-2024-001455,,R-07
2026-03,AV-2025-001013,2-255297,R-07
2026-03,AV-2025-001600,6-246565,R-07
2026-03,AV-2025-001028,6-340949,R-07
2026-03,AV-2026-003477,7-182490,R-07
2026-03,AV-2024-000942,4-487506,R-07
2026-03,AV-2024-000595,2-809436,R-07
2026-03,AV-2025-002220,5-241812,R-07
2026-03,AV-2025-002218,2-566980,R-07
2026-03,AV-2026-000161,4-319228,R-06
2026-03,AV-2025-001823,2-195242,R-06
2026-03,AV-2024-001707,3-565384,R-06
2026-03,AV-2025-000332,4-344993-103,R-06
2026-03,AV-2025-001322,1-249049,R-06
2026-03,AV-2025-000001,1-206214-301,R-06
2026-03,AV-2025-001713,5-132618-283,R-06
2026-03,AV-2025-003384,5-695873,R-06
2026-03,AV-2024-002802,5-269021-004,R-06
2026-03,AV-2024-001351,1-455525-053,R-06
2026-03,AV-2025-002303,2-589831,R-06
2026-03,AV-2024-001568,1-627650-068,R-06
2026-03,AV-2025-001941,4-543589,R-06
2026-03,AV-2026-002002,5-128723,R-06
2026-03,AV-2024-003204,1-728393-011,R-06
2026-03,AV-2026-002203,4-527252,R-06
2026-03,AV-2025-000448,3-349012,R-06
2026-03,AV-2025-000324,3-797770,R-06
2026-03,AV-2024-002335,4-925160,R-06
2026-03,AV-2026-002978,1-988219-266,R-06
2026-03,AV-2025-001122,4-536875,R-06
2026-03,AV-2025-001976,1-149040,R-06
2026-03,AV-2025-002380,4-560285,R-06
2026-03,AV-2025-003872,3-514641,R-08
2026-03,AV-2026-000585,4-282676,R-08
2026-03,AV-2024-002491,1-908149,R-08
2026-03,AV-2024-001382,1-274699-276,R-08
2026-03,AV-2025-002738,N/A,R-08
2026-03,AV-2025-000311,5-916031,R-08
2026-03,AV-2024-003198,N/A,R-08
2026-03,AV-2025-003048,5-909649,R-08
2026-03,AV-2026-000899,2-222345,R-08
2026-03,AV-2025-003071,1-335481,R-08
2026-03,AV-2025-000013,1-306654,R-08
2026-03,AV-2025-000263,3-886145-031,R-08
2026-03,AV-2025-003683,7-833199,R-08
2026-03,AV-2025-000249,4-429825,R-08
2026-03,AV-2025-000039,1-671342,R-08
2026-03,AV-2024-003916,3-648997-265,R-08
2026-03,AV-2025-002894,2-570604,R-08
2026-03,AV-2025-002217,1-233970,R-08
2026-03,AV-2025-002255,6-630886,R-08
2026-03,AV-2025-002764,7-407824,R-08
2026-03,AV-2025-003493,3-948010,R-08
2026-03,AV-2024-003445,5-692242-165,R-08
2026-03,AV-2024-001078,5-552439-014,R-08
2026-03,AV-2024-001528,3-936713-082,R-08
2026-03,AV-2025-003376,3-532515-331,R-08
2026-03,AV-2025-003116,1-436513,R-08
2026-03,AV-2024-001246,4-437498,R-08
2026-03,AV-2026-002918,N/A,R-08
2026-03,AV-2024-003089,1-207580,R-08
2026-03,AV-2024-001172,7-235979,R-08
2026-03,AV-2025-003674,1-517678,R-08
2026-03,AV-2025-000551,2-648388,R-08
2026-03,AV-2025-001212,7-905183,R-08
2026-03,AV-2025-003609,2-901163-013,R-08
2026-03,AV-2024-003096,3-943365-237,R-08
2026-03,AV-2026-000277,2-865208-020,R-08
2026-03,AV-2025-003012,4-449060,R-08
2026-03,AV-2025-001122,6-961912,R-08
2026-03,AV-2025-002263, ,R-08
2026-03,AV-2024-002337,2-684252,R-08
2026-03,AV-2024-002947,1-486739-258,R-08
2026-03,AV-2025-001845,4-569345,R-08
2026-03,AV-2025-001986,7-538525-331,R-08
2026-03,AV-2025-003274,2-756146,R-08
2026-03,AV-2025-001648,3-277831-070,R-08
2026-03,AV-2025-002357,7-834683-044,R-08
2026-03,AV-2026-002007,1-815678,R-08
2026-03,AV-2025-000371,4-565674,R-08
2026-03,AV-2024-000859,1-972708,R-08
2026-03,AV-2026-003166,7-765840,R-08
2026-03,AV-2024-002337,1-389737,R-08
2026-03,AV-2025-003025,5-197240,R-08
2026-03,AV-2025-003629,4-213201,R-08
2026-03,AV-2025-000901,1-664663,R-08
2026-03,AV-2025-001909,3-860299,R-08
2026-03,AV-2026-000391,1-238512,R-08
2026-03,AV-2025-002380,1-469014,R-08
2026-03,AV-2025-002117,1-143949-368,R-04
2026-03,AV-2025-002117,1-143949-368,R-03
2026-03,AV-2025-003583,1-139379-118,R-04
2026-03,AV-2025-000524,1-588780-136,R-04
2026-03,AV-2025-000524,1-588780-136,R-03
2026-03,AV-2025-002758,1-323473-251,R-04
2026-03,AV-2025-002764,7-407824,R-04
2026-03,AV-2025-000705,1-553173,R-04
2026-03,AV-2025-000705,1-553173,R-03
2026-03,AV-2025-000900,1-223851,R-04
2026-03,AV-2025-003655,1-428455,R-04
2026-03,AV-2024-000408,1-313118,R-04
2026-03,AV-2024-000408,1-313118,R-03
2026-03,AV-2025-000142,3-233124,R-04
2026-03,AV-2025-002066,1-441609-243,R-04
2026-03,AV-2026-000241,3-974498-298,R-04
2026-03,AV-2026-000241,3-974498-298,R-03
2026-03,AV-2025-001847,2-499361,R-04
2026-03,AV-2025-001847,2-499361,R-03
2026-03,AV-2024-001568,1-627650-068,R-04
2026-03,AV-2024-003204,1-728393-011,R-04
2026-03,AV-2024-003448,1-400433-186,R-04
2026-03,AV-2024-003448,1-400433-186,R-03
2026-03,AV-2025-002567,4-569971,R-04
2026-03,AV-2025-002567,4-569971,R-03
2026-03,AV-2026-003477,7-182490,R-04
2026-03,AV-2024-002802,5-269021-004,R-04
2026-03,AV-2024-001603,1-634343,R-04
2026-03,AV-2024-001603,1-634343,R-03
2026-03,AV-2025-001013,2-255297,R-04
2026-03,AV-2025-001013,2-255297,R-03
2026-03,AV-2024-003210,1-372150,R-04
2026-03,AV-2026-000161,4-319228,R-04
2026-03,AV-2025-000579,2-163763,R-04
2026-03,AV-2025-001845,4-569345,R-04
2026-03,AV-2026-002978,1-988219-266,R-04
2026-03,AV-2025-001563,4-250913,R-04
2026-03,AV-2024-003707,1-705720,R-04
2026-03,AV-2025-001214,4-686987-017,R-04
2026-03,AV-2026-000899,2-222345,R-04
2026-03,AV-2025-001941,4-543589,R-04
2026-03,AV-2025-002217,1-233970,R-04
2026-03,AV-2025-002217,1-233970,R-03
2026-03,AV-2025-002782,1-662821,R-04
2026-03,AV-2025-002782,1-662821,R-03
2026-03,AV-2025-000363,6-171347,R-04
2026-03,AV-2025-000363,6-171347,R-03
2026-03,AV-2025-002178,1-484538-299,R-04
2026-03,AV-2025-000457,1-182379,R-04
2026-03,AV-2025-003345,5-941173-025,R-04
2026-03,AV-2025-003112,4-892369-089,R-04
2026-03,AV-2024-001977,6-104344,R-04
2026-03,AV-2025-001106,3-691295-159,R-04
2026-03,AV-2025-001106,3-691295-159,R-03
2026-03,AV-2025-002303,2-589831,R-04
2026-03,AV-2025-001155,3-823241,R-04
2026-03,AV-2025-001155,3-823241,R-03
2026-03,AV-2025-003540,4-111535,R-04
2026-03,AV-2025-003540,4-111535,R-03
2026-03,AV-2024-002947,1-486739-258,R-04
2026-03,AV-2025-000830,3-105207-214,R-04
2026-03,AV-2026-000610,5-240585,R-04
2026-03,AV-2026-000610,5-240585,R-03
2026-03,AV-2024-001250,1-286040,R-04
2026-03,AV-2025-000435,3-288449,R-04
2026-03,AV-2025-003629,4-213201,R-04
2026-03,AV-2025-003629,4-213201,R-03
2026-03,AV-2025-001371,6-229819-108,R-04
2026-03,AV-2025-001371,6-229819-108,R-03
2026-03,AV-2025-001759,1-760817,R-03
2026-03,AV-2025-002397,1-249275,R-03
2026-03,AV-2025-003256,5-325412,R-03
2026-03,AV-2025-001392,5-202269,R-03
2026-03,AV-2025-003310,1-504720,R-03
2026-03,AV-2025-000448,3-349012,R-03
2026-03,AV-2025-002220,5-241812,R-03
2026-03,AV-2024-002973,4-741279,R-03
2026-03,AV-2024-003096,3-943365-237,R-03
2026-03,AV-2025-001375,3-933266,R-03
2026-03,AV-2025-000800,7-946546,R-03
2026-03,AV-2025-002048,6-874608,R-03
2026-03,AV-2025-001281,2-686404,R-03
2026-03,AV-2025-001032,4-399571,R-03
2026-03,AV-2024-003573,1-731891,R-03
2026-03,AV-2024-001983,1-964968,R-03
2026-03,AV-2025-003005,5-666540-179,R-03
2026-03,AV-2024-003276,6-657112,R-03
2026-03,AV-2025-002787,3-930535,R-03
2026-03,AV-2025-003529,1-706655,R-03
2026-03,AV-2025-000001,1-206214-301,R-03
2026-03,AV-2025-001470,1-517889,R-03
2026-03,AV-2025-003761,3-675271,R-03
2026-03,AV-2025-001909,3-860299,R-03
2026-03,AV-2025-001091,4-887319,R-03
2026-03,AV-2025-002372,1-647616,R-03
2026-03,AV-2024-003445,5-692242-165,R-03
2026-03,AV-2026-003308,6-677461,R-03
2026-03,AV-2025-000246,6-334908,R-03
2026-03,AV-2025-003401,4-408512,R-03
2026-03,AV-2025-003016,6-795311,R-03
2026-03,AV-2025-001007,3-680848,R-03
2026-03,AV-2024-003916,3-648997-265,R-03
2026-03,AV-2024-000856,3-319185,R-03
2026-03,AV-2025-002612,1-223164,R-03
2026-03,AV-2025-001823,2-195242,R-03
2026-03,AV-2024-001587,3-567720,R-03
2026-03,AV-2024-001892,5-296339,R-03
2026-03,AV-2024-001607,1-704060,R-03
2026-03,AV-2025-001420,4-436816,R-03
2026-03,AV-2025-002737,5-651932,R-03
2026-03,AV-2025-003609,2-901163-013,R-03
2026-03,AV-2024-001401,4-663522-391,R-03
2026-03,AV-2026-002002,5-128723,R-03
2026-03,AV-2026-001222,7-363329,R-03
2026-03,AV-2024-003435,2-805658-258,R-03
2026-03,AV-2025-003116,1-436513,R-03
2026-03,AV-2025-001024,1-211134,R-03
2026-03,AV-2025-000067,7-323857,R-03
2026-03,AV-2025-000464,1-751771,R-03
2026-03,AV-2025-003048,5-909649,R-03
2026-03,AV-2024-002651,1-383764-021,R-03
2026-03,AV-2026-000265,3-268412,R-03
2026-03,AV-2026-000783,4-991360,R-03
2026-03,AV-2025-000843,2-989100-257,R-03
2026-03,AV-2025-001251,5-800716,R-03
2026-03,AV-2026-003760,3-831670-252,R-03
2026-03,AV-2025-002784,3-671308,R-03
2026-03,AV-2026-002007,1-815678,R-03
2026-03,AV-2025-000731,3-990268,R-03
2026-03,AV-2025-000423,1-484230-340,R-03
2026-03,AV-2025-003004,3-507829,R-03
2026-03,AV-2025-001795,4-896140,R-03
2026-03,AV-2025-003205,3-376753,R-03
2026-03,AV-2025-001815,1-666115,R-03
2026-03,AV-2024-000851,4-254662-125,R-03
2026-03,AV-2026-002032,7-382116,R-03
2026-03,AV-2024-003086,2-935775,R-03
2026-03,AV-2024-000942,4-487506,R-03
2026-03,AV-2025-003750,4-215814,R-03
2026-03,AV-2025-001976,1-149040,R-03
2026-03,AV-2026-000585,4-282676,R-03
2026-03,AV-2025-002416,1-336085,R-03
2026-03,AV-2025-002852,4-630715,R-03
2026-03,AV-2025-000216,3-518829,R-03
2026-03,AV-2025-000456,2-515003,R-03
2026-03,AV-2025-003598,3-699580,R-03
2026-03,AV-2025-003370,1-537059,R-03
2026-03,AV-2025-002044,4-562255,R-03
2026-03,AV-2024-003731,1-812803,R-03
2026-03,AV-2025-001986,7-538525-331,R-03
2026-03,AV-2024-002335,4-925160,R-03
2026-03,AV-2026-000559,2-865671,R-03
2026-03,AV-2025-003493,3-948010,R-03
2026-03,AV-2024-000111,4-341659-124,R-03
2026-03,AV-2025-001332,1-433211,R-03
2026-03,AV-2025-003384,5-695873,R-03
2026-03,AV-2025-001535,1-317129,R-03
2026-03,AV-2025-003850,2-218004,R-03
2026-03,AV-2025-000107,1-534833-172,R-03
2026-03,AV-2024-002064,1-481751-051,R-05
2026-03,AV-2025-000556,1-875498,R-05
2026-03,AV-2025-001216,3-794832-251,R-05
2026-03,AV-2025-000794,4-469751-203,R-05
2026-03,AV-2025-002206,1-271294-006,R-05
2026-03,AV-2024-003796,1-146195,R-05
2026-03,AV-2024-003973,4-846031-095,R-05
2026-03,AV-2024-002580,7-536050,R-05
2026-03,AV-2025-003012,4-449060,R-05
2026-03,AV-2025-000907,3-946219,R-05
2026-03,AV-2025-001073,1-497021-212,R-05
2026-03,AV-2026-001820,1-650304,R-05
2026-03,AV-2025-000768,4-157357-195,R-05
2026-03,AV-2026-003246,4-113443,R-05
2026-03,AV-2025-000371,4-565674,R-05
2026-03,AV-2025-000437,6-609658,R-05
2026-03,AV-2024-002145,4-910645-163,R-05
2026-03,AV-2025-001212,7-905183,R-05
2026-03,AV-2025-002558,2-290299-180,R-05
2026-03,AV-2025-001485,2-408522,R-05
2026-03,AV-2025-001322,1-249049,R-05
2026-03,AV-2025-003376,3-532515-331,R-05
2026-03,AV-2025-002255,6-630886,R-05
2026-03,AV-2025-000788,1-478075,R-05
2026-03,AV-2025-002448,3-300202-358,R-05
2026-03,AV-2025-001994,4-222772,R-05
2026-03,AV-2025-000573,1-105045-338,R-05
2026-03,AV-2024-001351,1-455525-053,R-05
2026-03,AV-2024-000841,2-533016,R-05
2026-03,AV-2025-002461,4-514631-317,R-05
2026-03,AV-2024-000853,1-618548-012,R-05
2026-03,AV-2026-003166,7-765840,R-05
2026-03,AV-2026-003527,1-498439,R-05
2026-03,AV-2025-002513,2-165357,R-05
2026-03,AV-2025-002357,7-834683-044,R-05
2026-03,AV-2025-002614,4-692025-019,R-05
2026-03,AV-2025-000332,4-344993-103,R-05
2026-03,AV-2024-002015,6-228355,R-05
2026-03,AV-2025-000058,1-799780,R-05
2026-03,AV-2025-001812,1-523767,R-05
2026-03,AV-2025-000249,4-429825,R-05
2026-03,AV-2025-003683,7-833199,R-05
2026-03,AV-2026-000019,1-934706-133,R-05
2026-03,AV-2025-001747,3-279517,R-05
2026-03,AV-2025-001648,3-277831-070,R-05
2026-03,AV-2025-000324,3-797770,R-05
2026-03,AV-2025-001199,5-526148,R-05
2026-03,AV-2026-002840,4-943700,R-05
2026-03,AV-2025-000298,6-424314-390,R-05
2026-03,AV-2025-002911,3-647661-346,R-05
2026-03,AV-2026-003374,1-200666,R-02
2026-03,AV-2025-003808,2-869841,R-02
2026-03,AV-2026-003535,4-661166,R-02
2026-03,AV-2025-002238,1-567629-245,R-02
2026-03,AV-2025-002323,7-334684,R-02
2026-03,AV-2024-001455,,R-02
2026-03,AV-2025-003274,2-756146,R-02
2026-03,AV-2026-002918,N/A,R-02
2026-03,AV-2024-002491,1-908149,R-02
2026-03,AV-2025-002358,5-562409,R-02
2026-03,AV-2026-000391,1-238512,R-02
2026-03,AV-2025-000025,1-893139-085,R-02
2026-03,AV-2025-000146,2-866303,R-02
2026-03,AV-2025-000674,5-171321,R-02
2026-03,AV-2025-000901,1-664663,R-02
2026-03,AV-2025-003356,7-971953,R-02
2026-03,AV-2025-003461,5-806968,R-02
2026-03,AV-2024-001128,4-553914-225,R-02
2026-03,AV-2025-000028,N/A,R-02
2026-03,AV-2025-000698, ,R-02
2026-03,AV-2024-001931,3-447521,R-02
2026-03,AV-2025-003025,5-197240,R-02
2026-03,AV-2025-003538,4-160398,R-02
2026-03,AV-2024-001528,3-936713-082,R-02
2026-03,AV-2024-002555,5-561048,R-02
2026-03,AV-2025-002279,N/A,R-02
2026-03,AV-2025-002536,1-808425,R-02
2026-03,AV-2025-002167,5-279460,R-02
2026-03,AV-2025-001692,1-779422,R-02
2026-03,AV-2025-001346,6-539047,R-02
2026-03,AV-2024-001246,4-437498,R-02
2026-03,AV-2024-001078,5-552439-014,R-02
2026-03,AV-2025-002200,1-499379,R-02
2026-03,AV-2025-001600,6-246565,R-02
2026-03,AV-2025-001028,6-340949,R-02
2026-03,AV-2025-000772,1-503805-202,R-02
2026-03,AV-2025-001497,3-147141,R-02
2026-03,AV-2026-000277,2-865208-020,R-02
2026-03,AV-2025-003628, ,R-02
2026-03,AV-2025-000331,N/A,R-02
2026-03,AV-2025-000532,2-524720,R-02
2026-03,AV-2025-001940,3-685982,R-02
2026-03,AV-2025-001713,5-132618-283,R-02
2026-03,AV-2025-000984,1-216155,R-02
2026-03,AV-2024-000595,2-809436,R-02
2026-03,AV-2024-001172,7-235979,R-02
2026-03,AV-2024-002620,4-526166,R-02
2026-03,AV-2025-000116,4-714528,R-02
2026-03,AV-2025-003071,1-335481,R-02
2026-03,AV-2024-002855,6-679919-255,R-02
2026-03,AV-2025-002153,,R-02
2026-03,AV-2024-001788, ,R-02
2026-03,AV-2024-002119,1-283422,R-02
2026-03,AV-2026-002006,2-378619,R-02
2026-03,AV-2024-003137,6-983218,R-02
2026-03,AV-2025-002738,N/A,R-02
2026-03,AV-2024-000428,N/A,R-02
2026-03,AV-2024-001382,1-274699-276,R-02
2026-03,AV-2025-003489,5-345427,R-02
2026-03,AV-2024-002923,3-883865-218,R-02
2026-03,AV-2025-000311,5-916031,R-02
2026-03,AV-2025-002141,4-325069,R-02
2026-03,AV-2025-003226,5-103368-126,R-02
2026-03,AV-2025-000013,1-306654,R-02
2026-03,AV-2024-003198,N/A,R-02
2026-03,AV-2025-000355, ,R-02
2026-03,AV-2024-000859,1-972708,R-02
2026-03,AV-2025-002544,1-468659,R-02
2026-03,AV-2025-000755,3-668687,R-02
2026-03,AV-2025-000022,5-720329,R-02
2026-03,AV-2025-001945,5-930129,R-02
2026-03,AV-2025-002263, ,R-02
2026-03,AV-2025-000750,2-312022,R-02
2026-03,AV-2025-003406,1-846716-108,R-02
2026-03,AV-2024-002496,5-817397-173,R-02
2026-03,AV-2025-001111,4-662026,R-02
2026-03,AV-2025-001023,2-412553,R-02
2026-03,AV-2026-003745,2-201949,R-02
2026-03,AV-2025-002261,1-640503,R-02
2026-03,AV-2025-002974,3-896859,R-02
2026-03,AV-2024-001707,3-565384,R-02
2026-03,AV-2025-000551,2-648388,R-02
2026-03,AV-2025-003178,2-168849,R-02
2026-03,AV-2025-001238,1-580785,R-02
2026-03,AV-2026-002203,4-527252,R-02
2026-03,AV-2025-003637,3-639763,R-02
2026-03,AV-2024-001721,1-504655,R-02
2026-03,AV-2025-000547,4-708216,R-02
2026-03,AV-2024-000875,N/A,R-02
2026-03,AV-2025-000263,3-886145-031,R-02
2026-03,AV-2025-002218,2-566980,R-01
2026-03,AV-2025-002218,1-961616,R-01
2026-03,AV-2025-001280,2-658401,R-01
2026-03,AV-2025-001280,1-529519,R-01
2026-03,AV-2025-002380,4-560285,R-01
2026-03,AV-2025-002380,1-469014,R-01
2026-03,AV-2026-001499,6-165763-035,R-01
2026-03,AV-2026-001499,6-665725,R-01
2026-03,AV-2025-003872,3-514641,R-01
2026-03,AV-2025-003872,3-378718-285,R-01
2026-03,AV-2025-003863,3-845024-209,R-01
2026-03,AV-2025-003863,1-881428,R-01
2026-03,AV-2025-000039,6-628672,R-01
2026-03,AV-2025-000039,1-671342,R-01
2026-03,AV-2025-002894,2-570604,R-01
2026-03,AV-2025-002894,1-521638-267,R-01
2026-03,AV-2025-003674,1-517678,R-01
2026-03,AV-2025-003674,4-435948,R-01
2026-03,AV-2024-000349,6-531641,R-01
2026-03,AV-2024-000349,1-941765,R-01
2026-03,AV-2025-002394,6-436775,R-01
2026-03,AV-2025-002394,4-953510,R-01
2026-03,AV-2024-003089,3-960024,R-01
2026-03,AV-2024-003089,1-207580,R-01
2026-03,AV-2026-001146,2-411462-006,R-01
2026-03,AV-2026-001146,3-332087,R-01
2026-03,AV-2025-001190,3-668289,R-01
2026-03,AV-2025-001190,4-347031-184,R-01
2026-03,AV-2024-000953,4-986439,R-01
2026-03,AV-2024-000953,4-510479,R-01
2026-03,AV-2025-003169,1-622184,R-01
2026-03,AV-2025-003169,4-518560,R-01
2026-03,AV-2024-002337,1-389737,R-01
2026-03,AV-2024-002337,2-684252,R-01
2026-03,AV-2025-001122,4-536875,R-01
2026-03,AV-2025-001122,6-961912,R-01
2026-03,AV-2025-003877,7-184159-353,R-01
2026-03,AV-2025-003877,1-132633-295,R-01
2026-03,AV-2025-003120,7-329132-271,R-01
2026-03,AV-2025-003120,1-103812-265,R-01
2026-04,AV-2025-000002,2-696951,R-07
2026-04,AV-2025-000009,3-270138,R-06
2026-04,AV-2024-000011,1-215558,R-07
2026-04,AV-2025-000012,3-720097,R-02
2026-04,AV-2025-000013,1-306654,R-02
2026-04,AV-2025-000013,1-306654,R-08
2026-04,AV-2025-000022,5-720329,R-02
2026-04,AV-2024-000026,5-497653,R-06
2026-04,AV-2025-000042,5-751971,R-06
2026-04,AV-2025-000056,1-565517,R-06
2026-04,AV-2025-000063,1-191008,R-02
2026-04,AV-2026-000066,2-272775,R-06
2026-04,AV-2026-000066,2-272775,R-07
2026-04,AV-2025-000075,4-127064,R-06
2026-04,AV-2025-000075,4-127064,R-08
2026-04,AV-2025-000082,4-367562,R-06
2026-04,AV-2024-000086,2-716120,R-07
2026-04,AV-2025-000092,3-260841,R-08
2026-04,AV-2025-000107,1-534833-172,R-03
2026-04,AV-2024-000111,4-341659-124,R-03
2026-04,AV-2025-000114,1-337593-022,R-08
2026-04,AV-2025-000116,4-714528,R-02
2026-04,AV-2025-000119,2-929362,R-01
2026-04,AV-2024-000121,1-247630,R-06
2026-04,AV-2024-000121,1-247630,R-07
2026-04,AV-2025-000128,4-814626,R-07
2026-04,AV-2025-000136,1-465456,R-08
2026-04,AV-2025-000157,1-286122,R-07
2026-04,AV-2026-000161,4-319228,R-04
2026-04,AV-2026-000161,4-319228,R-06
2026-04,AV-2025-000174,4-376105,R-08
2026-04,AV-2025-000211,7-105024,R-04
2026-04,AV-2025-000216,3-518829,R-03
2026-04,AV-2025-000219,2-141010,R-07
2026-04,AV-2025-000220,3-438244,R-07
2026-04,AV-2026-000241,3-974498-298,R-03
2026-04,AV-2026-000241,3-974498-298,R-04
2026-04,AV-2024-000242,4-222358,R-08
2026-04,AV-2024-000258,1-793119-348,R-06
2026-04,AV-2024-000269,2-694960,R-08
2026-04,AV-2024-000274,3-390426,R-08
2026-04,AV-2025-000290,1-277862,R-06
2026-04,AV-2025-000296,5-834615,R-08
2026-04,AV-2025-000298,6-424314-390,R-05
2026-04,AV-2025-000303,1-662735,R-08
2026-04,AV-2025-000315,1-877794,R-08
2026-04,AV-2025-000322,3-103259,R-06
2026-04,AV-2025-000331,N/A,R-02
2026-04,AV-2025-000333,1-300341,R-06
2026-04,AV-2024-000345,1-433880-114,R-08
2026-04,AV-2025-000360,4-859403,R-05
2026-04,AV-2026-000367,2-953812,R-08
2026-04,AV-2025-000371,4-565674,R-05
2026-04,AV-2025-000371,4-565674,R-08
2026-04,AV-2025-000378,4-851918-351,R-06
2026-04,AV-2025-000379,1-395045,R-06
2026-04,AV-2025-000392,4-713062,R-06
2026-04,AV-2025-000392,4-713062,R-07
2026-04,AV-2024-000394,1-593321,R-06
2026-04,AV-2024-000394,1-593321,R-08
2026-04,AV-2025-000400,1-185516-383,R-06
2026-04,AV-2025-000400,1-185516-383,R-08
2026-04,AV-2024-000428,N/A,R-02
2026-04,AV-2025-000445,1-140514,R-06
2026-04,AV-2025-000449,1-619657,R-08
2026-04,AV-2025-000464,1-751771,R-03
2026-04,AV-2024-000465,1-324123-383,R-07
2026-04,AV-2024-000471,1-830975,R-08
2026-04,AV-2024-000477,6-883218,R-06
2026-04,AV-2024-000477,6-883218,R-08
2026-04,AV-2025-000483,1-959677,R-06
2026-04,AV-2025-000485,1-940924-131,R-08
2026-04,AV-2025-000501,5-636985,R-08
2026-04,AV-2025-000511,3-500074,R-08
2026-04,AV-2025-000532,2-524720,R-02
2026-04,AV-2025-000543,5-598561,R-06
2026-04,AV-2025-000545,1-526234,R-06
2026-04,AV-2025-000556,1-875498,R-05
2026-04,AV-2024-000565,2-166752,R-07
2026-04,AV-2026-000585,4-282676,R-03
2026-04,AV-2026-000585,4-282676,R-08
2026-04,AV-2026-000592,4-979784,R-07
2026-04,AV-2025-000622,4-554474,R-07
2026-04,AV-2026-000628,7-933837,R-07
2026-04,AV-2025-002894,1-521638-267,R-01
2026-04,AV-2024-000682,5-820549,R-08
2026-04,AV-2024-000693,4-133407-381,R-08
2026-04,AV-2025-000695,1-570874,R-07
2026-04,AV-2025-000716,1-977613-316,R-01
2026-04,AV-2025-000727,1-594315,R-08
2026-04,AV-2025-000730,1-870162,R-07
2026-04,AV-2025-000730,1-870162,R-08
2026-04,AV-2025-000753,4-552428-381,R-06
2026-04,AV-2025-000753,4-552428-381,R-08
2026-04,AV-2025-000761,7-877994,R-06
2026-04,AV-2025-000766,1-810649,R-08
2026-04,AV-2025-000768,4-157357-195,R-05
2026-04,AV-2025-000772,1-503805-202,R-02
2026-04,AV-2025-000775,3-833478,R-06
2026-04,AV-2025-000788,1-478075,R-05
2026-04,AV-2025-000789,2-916213-173,R-08
2026-04,AV-2025-000799,7-198543-364,R-04
2026-04,AV-2026-000812,1-663930,R-06
2026-04,AV-2026-000817,3-152891,R-08
2026-04,AV-2024-000820,2-463929,R-08
2026-04,AV-2024-000824,1-485457-134,R-08
2026-04,AV-2024-000829,1-512586,R-08
2026-04,AV-2025-000830,3-105207-214,R-04
2026-04,AV-2025-000843,2-989100-257,R-03
2026-04,AV-2025-000844,1-915045,R-08
2026-04,AV-2024-000851,4-254662-125,R-03
2026-04,AV-2024-000859,1-972708,R-02
2026-04,AV-2024-000859,1-972708,R-08
2026-04,AV-2025-000865,1-524008-376,R-08
2026-04,AV-2026-000867,1-302752-046,R-08
2026-04,AV-2025-000868,3-543655,R-07
2026-04,AV-2025-000870,7-828759,R-07
2026-04,AV-2024-000875,N/A,R-02
2026-04,AV-2025-000901,1-664663,R-02
2026-04,AV-2025-000901,1-664663,R-08
2026-04,AV-2024-000903,1-435762,R-08
2026-04,AV-2025-000904,2-484925,R-08
2026-04,AV-2025-000907,3-946219,R-05
2026-04,AV-2025-000910,3-242265,R-08
2026-04,AV-2025-000911,2-387681-032,R-06
2026-04,AV-2025-000911,2-387681-032,R-08
2026-04,AV-2024-000915,4-180961-040,R-08
2026-04,AV-2024-000922,1-642734,R-08
2026-04,AV-2024-000942,4-487506,R-03
2026-04,AV-2024-000942,4-487506,R-07
2026-04,AV-2026-000946,,R-02
2026-04,AV-2026-000961,1-264460,R-06
2026-04,AV-2026-000978,2-408197,R-08
2026-04,AV-2025-001016,4-361979-140,R-08
2026-04,AV-2025-001023,2-412553,R-02
2026-04,AV-2025-001028,6-340949,R-02
2026-04,AV-2025-001028,6-340949,R-07
2026-04,AV-2025-001030,6-312136,R-03
2026-04,AV-2025-001035,2-816375,R-06
2026-04,AV-2025-001043,3-306424,R-07
2026-04,AV-2025-001045,1-260457,R-07
2026-04,AV-2024-001046,1-857001,R-08
2026-04,AV-2024-001054,4-206970,R-08
2026-04,AV-2024-001078,5-552439-014,R-02
2026-04,AV-2024-001078,5-552439-014,R-08
2026-04,AV-2025-001080,3-170615-207,R-06
2026-04,AV-2026-001095,1-865662,R-07
2026-04,AV-2025-001106,3-691295-159,R-03
2026-04,AV-2025-001106,3-691295-159,R-04
2026-04,AV-2025-001110,3-964142,R-06
2026-04,AV-2025-001133,1-137629,R-07
2026-04,AV-2026-001136,3-449262,R-06
2026-04,AV-2026-001136,3-449262,R-08
2026-04,AV-2025-001143,4-289380,R-06
2026-04,AV-2025-001153,7-329031,R-08
2026-04,AV-2025-001155,3-823241,R-03
2026-04,AV-2025-001155,3-823241,R-04
2026-04,AV-2025-001156,2-457277,R-08
2026-04,AV-2024-001163,7-846928-397,R-03
2026-04,AV-2024-001163,7-846928-397,R-04
2026-04,AV-2026-001168,5-124518-140,R-05
2026-04,AV-2024-001172,7-235979,R-02
2026-04,AV-2024-001172,7-235979,R-08
2026-04,AV-2025-001177,2-220954,R-07
2026-04,AV-2025-001183,7-743314,R-07
2026-04,AV-2024-001209,3-659342,R-08
2026-04,AV-2025-001214,4-686987-017,R-04
2026-04,AV-2025-001221,4-978295,R-08
2026-04,AV-2026-001222,7-363329,R-03
2026-04,AV-2025-001224,1-620650-308,R-08
2026-04,AV-2025-001226,4-834729,R-07
2026-04,AV-2025-001232,2-872175,R-07
2026-04,AV-2025-001235,6-839340,R-08
2026-04,AV-2025-001240,7-241624,R-06
2026-04,AV-2025-001240,7-241624,R-08
2026-04,AV-2025-001253,3-719399-024,R-08
2026-04,AV-2025-001261,1-446708,R-07
2026-04,AV-2025-001281,2-686404,R-03
2026-04,AV-2025-001289,5-342499,R-07
2026-04,AV-2025-001332,1-433211,R-03
2026-04,AV-2025-001337,5-301325,R-07
2026-04,AV-2025-001348,1-429387,R-03
2026-04,AV-2025-001349,1-158805,R-06
2026-04,AV-2025-001375,3-933266,R-03
2026-04,AV-2024-001401,4-663522-391,R-03
2026-04,AV-2025-001402,4-992197,R-06
2026-04,AV-2025-000119,1-629361,R-01
2026-04,AV-2025-001412,1-940452,R-02
2026-04,AV-2025-001413,7-691826,R-06
2026-04,AV-2025-001420,4-436816,R-03
2026-04,AV-2025-001421,1-182541,R-06
2026-04,AV-2024-001456,4-718035,R-06
2026-04,AV-2024-001456,4-718035,R-08
2026-04,AV-2025-001485,2-408522,R-05
2026-04,AV-2026-001499,6-165763-035,R-01
2026-04,AV-2025-001504,7-537777,R-08
2026-04,AV-2025-001518,1-673985-199,R-08
2026-04,AV-2025-001519,4-541458,R-08
2026-04,AV-2025-001533,3-357422,R-06
2026-04,AV-2025-001533,3-357422,R-08
2026-04,AV-2024-001538,3-457809-373,R-06
2026-04,AV-2025-001554,5-427417,R-07
2026-04,AV-2025-001561,4-390081,R-08
2026-04,AV-2025-001563,4-250913,R-04
2026-04,AV-2025-001567,4-615550,R-08
2026-04,AV-2024-001587,3-567720,R-03
2026-04,AV-2025-001590,1-331464,R-08
2026-04,AV-2024-001603,1-634343,R-03
2026-04,AV-2024-001603,1-634343,R-04
2026-04,AV-2025-001617,1-806626,R-08
2026-04,AV-2025-001622,4-697037,R-08
2026-04,AV-2025-001623,4-456725,R-06
2026-04,AV-2025-001623,4-456725,R-08
2026-04,AV-2025-001629,2-147217,R-07
2026-04,AV-2025-001629,2-147217,R-08
2026-04,AV-2024-001645,4-927315-009,R-06
2026-04,AV-2025-003120,1-103812-265,R-01
2026-04,AV-2025-001701,1-763481,R-08
2026-04,AV-2025-001719,4-497479-030,R-08
2026-04,AV-2024-001722,1-405848,R-07
2026-04,AV-2025-001724,5-886656,R-08
2026-04,AV-2025-001726,2-489240,R-08
2026-04,AV-2026-001731,2-301784,R-08
2026-04,AV-2025-001744,3-339080,R-08
2026-04,AV-2025-001747,3-279517,R-05
2026-04,AV-2025-001772,1-252613,R-06
2026-04,AV-2026-001778,1-649769,R-08
2026-04,AV-2024-001788, ,R-02
2026-04,AV-2025-001795,4-896140,R-03
2026-04,AV-2025-001798,4-255242,R-06
2026-04,AV-2025-001800,2-357810,R-06
2026-04,AV-2025-001802,1-223425-187,R-06
2026-04,AV-2025-001802,1-223425-187,R-08
2026-04,AV-2025-001818,1-652805,R-08
2026-04,AV-2026-001832,4-736614-243,R-06
2026-04,AV-2025-001835,1-103163,R-08
2026-04,AV-2024-001842,1-251481,R-07
2026-04,AV-2025-001845,4-569345,R-04
2026-04,AV-2025-001845,4-569345,R-08
2026-04,AV-2024-001858,4-929619,R-08
2026-04,AV-2024-001867,6-751177-347,R-08
2026-04,AV-2026-001872,1-652909,R-08
2026-04,AV-2025-001876,1-656428,R-08
2026-04,AV-2025-001885,6-468599,R-07
2026-04,AV-2025-001887,7-202111-315,R-06
2026-04,AV-2025-001887,7-202111-315,R-08
2026-04,AV-2024-001892,5-296339,R-03
2026-04,AV-2024-001901,1-752201-388,R-08
2026-04,AV-2025-001923,3-371214,R-07
2026-04,AV-2024-001931,3-447521,R-02
2026-04,AV-2025-001942,7-723457,R-06
2026-04,AV-2025-001950,1-730047,R-08
2026-04,AV-2025-001956,1-666734,R-02
2026-04,AV-2026-001957,1-143725-335,R-06
2026-04,AV-2025-001986,7-538525-331,R-03
2026-04,AV-2025-001986,7-538525-331,R-08
2026-04,AV-2024-001987,1-106760,R-07
2026-04,AV-2025-002008,4-393240,R-07
2026-04,AV-2026-002013,1-999716-359,R-06
2026-04,AV-2025-002025,2-318121,R-07
2026-04,AV-2024-002041,1-796626-027,R-03
2026-04,AV-2024-002041,1-796626-027,R-04
2026-04,AV-2025-002044,4-562255,R-03
2026-04,AV-2025-002046,5-488061,R-08
2026-04,AV-2025-002066,1-441609-243,R-04
2026-04,AV-2025-002066,1-441609-243,R-07
2026-04,AV-2024-002074,5-937861,R-03
2026-04,AV-2026-002087,5-450970,R-08
2026-04,AV-2026-002091,,R-02
2026-04,AV-2025-002092,1-342583,R-06
2026-04,AV-2025-002092,1-342583,R-07
2026-04,AV-2025-002098,1-916452,R-06
2026-04,AV-2025-002103,4-585170,R-06
2026-04,AV-2025-002109,3-874418,R-08
2026-04,AV-2025-002129,7-630805,R-07
2026-04,AV-2025-002133,3-897475,R-08
2026-04,AV-2026-002169,4-522091,R-06
2026-04,AV-2025-002171,2-883048-268,R-06
2026-04,AV-2025-002177,2-334611,R-08
2026-04,AV-2025-002185,6-935660,R-08
2026-04,AV-2025-002190,1-775184-042,R-03
2026-04,AV-2026-002193,5-582858,R-08
2026-04,AV-2025-002202,7-559710,R-07
2026-04,AV-2024-002207,5-899894,R-05
2026-04,AV-2025-002214,1-259391,R-06
2026-04,AV-2025-002215,1-476515-315,R-08
2026-04,AV-2025-002231,1-704190-079,R-08
2026-04,AV-2024-002233,2-511911,R-06
2026-04,AV-2025-002238,1-567629-245,R-02
2026-04,AV-2024-002243,1-262047,R-08
2026-04,AV-2025-002256,2-327257,R-03
2026-04,AV-2025-002256,2-327257,R-04
2026-04,AV-2025-002278,5-408156-345,R-06
2026-04,AV-2025-002279,N/A,R-02
2026-04,AV-2025-002286,2-199871,R-06
2026-04,AV-2025-002293,1-298127-042,R-06
2026-04,AV-2026-002296,6-822966,R-08
2026-04,AV-2024-002305,1-526160,R-07
2026-04,AV-2025-002311,1-987614,R-08
2026-04,AV-2024-002314,1-719867-030,R-06
2026-04,AV-2026-002316,4-557968,R-08
2026-04,AV-2025-002323,7-334684,R-02
2026-04,AV-2024-002331,1-355950,R-08
2026-04,AV-2024-002335,4-925160,R-03
2026-04,AV-2024-002335,4-925160,R-06
2026-04,AV-2024-002337,1-389737,R-01
2026-04,AV-2024-002337,1-389737,R-08
2026-04,AV-2025-002345,2-179033,R-07
2026-04,AV-2025-002346,2-712314,R-06
2026-04,AV-2025-002358,5-562409,R-02
2026-04,AV-2025-002379,5-188130,R-08
2026-04,AV-2025-002382,1-686123,R-03
2026-04,AV-2025-002394,6-436775,R-01
2026-04,AV-2025-002394,6-436775,R-07
2026-04,AV-2025-002397,1-249275,R-03
2026-04,AV-2025-002418,4-370674-230,R-07
2026-04,AV-2025-002418,4-370674-230,R-08
2026-04,AV-2026-002429,1-457235,R-07
2026-04,AV-2026-002429,1-457235,R-08
2026-04,AV-2025-002433,6-197721-024,R-06
2026-04,AV-2025-002445,2-258880,R-02
2026-04,AV-2026-002488,1-417116,R-08
2026-04,AV-2025-002492,6-144410,R-08
2026-04,AV-2025-002515,1-983672,R-03
2026-04,AV-2024-002518,1-752374,R-07
2026-04,AV-2025-002524,2-807751,R-08
2026-04,AV-2025-002533,1-829913-042,R-06
2026-04,AV-2025-002538,1-236510,R-06
2026-04,AV-2025-002542,4-747282,R-06
2026-04,AV-2025-002542,4-747282,R-08
2026-04,AV-2025-002556,2-494695,R-06
2026-04,AV-2025-002558,2-290299-180,R-05
2026-04,AV-2025-002559,4-879413,R-06
2026-04,AV-2025-002565,4-330468,R-06
2026-04,AV-2025-002567,4-569971,R-03
2026-04,AV-2025-002567,4-569971,R-04
2026-04,AV-2025-002569,4-351566,R-06
2026-04,AV-2024-002577,4-752667,R-08
2026-04,AV-2025-002394,4-953510,R-01
2026-04,AV-2024-002622,1-874406,R-06
2026-04,AV-2024-002624,2-428010,R-08
2026-04,AV-2025-002635,1-881657-129,R-06
2026-04,AV-2025-002635,1-881657-129,R-08
2026-04,AV-2025-002655,3-535617,R-06
2026-04,AV-2025-002655,3-535617,R-08
2026-04,AV-2025-002680,2-790797-239,R-06
2026-04,AV-2025-002692,1-872923,R-07
2026-04,AV-2025-002693,4-124585,R-08
2026-04,AV-2025-002702,5-143931,R-07
2026-04,AV-2025-002706,1-590998-197,R-06
2026-04,AV-2026-002712,3-513914,R-07
2026-04,AV-2025-002731,2-503952,R-06
2026-04,AV-2025-002733,5-307938,R-07
2026-04,AV-2025-002734,3-253433,R-03
2026-04,AV-2024-002747,4-568381,R-06
2026-04,AV-2025-002772,2-656293,R-08
2026-04,AV-2025-002787,3-930535,R-03
2026-04,AV-2025-002790,5-495209,R-06
2026-04,AV-2024-002802,5-269021-004,R-04
2026-04,AV-2024-002802,5-269021-004,R-06
2026-04,AV-2025-002804,2-664654,R-06
2026-04,AV-2025-002804,2-664654,R-08
2026-04,AV-2024-002810,7-667603,R-08
2026-04,AV-2025-002812,2-256778,R-06
2026-04,AV-2024-002816,3-910235,R-07
2026-04,AV-2025-002820,2-502593,R-08
2026-04,AV-2024-002829,7-868010,R-06
2026-04,AV-2025-002836,2-987693,R-06
2026-04,AV-2024-002839,1-806762-080,R-07
2026-04,AV-2026-002840,4-943700,R-05
2026-04,AV-2026-002842,4-415919,R-07
2026-04,AV-2024-002855,6-679919-255,R-02
2026-04,AV-2025-002863,1-712221,R-07
2026-04,AV-2026-002875,4-880003,R-06
2026-04,AV-2024-002881,2-132643,R-06
2026-04,AV-2024-002881,2-132643,R-07
2026-04,AV-2024-002891,7-976598,R-04
2026-04,AV-2025-002893,2-123541-038,R-06
2026-04,AV-2025-002894,2-570604,R-01
2026-04,AV-2025-002894,2-570604,R-08
2026-04,AV-2025-002900,6-995420,R-06
2026-04,AV-2025-002900,6-995420,R-08
2026-04,AV-2024-002909,1-332379,R-07
2026-04,AV-2025-002911,3-647661-346,R-05
2026-04,AV-2025-002934,1-450726,R-08
2026-04,AV-2025-002941,4-500247-292,R-02
2026-04,AV-2025-002951,4-294041-148,R-05
2026-04,AV-2025-002952,1-212567-179,R-06
2026-04,AV-2024-002957,6-356475,R-07
2026-04,AV-2024-002962,1-763487,R-08
2026-04,AV-2025-002966,1-700153,R-06
2026-04,AV-2026-002978,1-988219-266,R-04
2026-04,AV-2026-002978,1-988219-266,R-06
2026-04,AV-2026-002983,1-837976-262,R-03
2026-04,AV-2025-003005,5-666540-179,R-03
2026-04,AV-2025-003016,6-795311,R-03
2026-04,AV-2025-003022,1-145917,R-08
2026-04,AV-2026-003030,1-411134,R-06
2026-04,AV-2026-003030,1-411134,R-07
2026-04,AV-2024-003038,1-805080,R-06
2026-04,AV-2024-003038,1-805080,R-08
2026-04,AV-2025-003043,7-327018,R-06
2026-04,AV-2026-003045,2-960015,R-08
2026-04,AV-2025-003048,5-909649,R-03
2026-04,AV-2025-003048,5-909649,R-08
2026-04,AV-2026-001499,6-665725,R-01
2026-04,AV-2026-001499,6-665725,R-07
2026-04,AV-2024-003060,1-299108,R-07
2026-04,AV-2025-003081,3-508376,R-08
2026-04,AV-2025-003083,4-750979-008,R-08
2026-04,AV-2024-003086,2-935775,R-03
2026-04,AV-2025-003097,1-125844-122,R-06
2026-04,AV-2025-003099,1-742222,R-08
2026-04,AV-2025-003100,6-571097,R-03
2026-04,AV-2024-003103, ,R-02
2026-04,AV-2025-003112,4-892369-089,R-04
2026-04,AV-2025-003116,1-436513,R-03
2026-04,AV-2025-003116,1-436513,R-08
2026-04,AV-2025-003120,7-329132-271,R-01
2026-04,AV-2024-003137,6-983218,R-02
2026-04,AV-2025-003138,4-147822,R-08
2026-04,AV-2024-003156,1-598076-197,R-06
2026-04,AV-2026-003166,7-765840,R-05
2026-04,AV-2026-003166,7-765840,R-08
2026-04,AV-2025-003170,1-725276-357,R-08
2026-04,AV-2026-003173,4-263548,R-08
2026-04,AV-2024-003188,3-841297,R-07
2026-04,AV-2024-003198,N/A,R-02
2026-04,AV-2024-003198,N/A,R-08
2026-04,AV-2025-003205,3-376753,R-03
2026-04,AV-2025-003217,4-336693,R-06
2026-04,AV-2025-003221,1-892195,R-08
2026-04,AV-2025-003223,2-651350,R-07
2026-04,AV-2025-003226,5-103368-126,R-02
2026-04,AV-2025-003244,7-529533-186,R-06
2026-04,AV-2024-003259,4-893972,R-02
2026-04,AV-2024-003267,4-682504,R-08
2026-04,AV-2025-003284,1-590186,R-07
2026-04,AV-2025-003297,4-254214-247,R-06
2026-04,AV-2025-003310,1-504720,R-03
2026-04,AV-2025-003317,1-332137,R-07
2026-04,AV-2025-003320,5-466659,R-07
2026-04,AV-2025-003330,1-413509,R-08
2026-04,AV-2025-003332,1-893663,R-08
2026-04,AV-2025-003339,1-552222,R-08
2026-04,AV-2026-003342,3-475880,R-08
2026-04,AV-2025-003345,5-941173-025,R-04
2026-04,AV-2026-003366,4-951079,R-06
2026-04,AV-2026-003375,3-871833,R-07
2026-04,AV-2026-003375,3-871833,R-08
2026-04,AV-2025-003386,2-266039,R-08
2026-04,AV-2025-003407,2-618099,R-06
2026-04,AV-2025-003413,1-554829,R-04
2026-04,AV-2025-003418,3-697670,R-07
2026-04,AV-2024-003431,2-939308,R-08
2026-04,AV-2024-003435,2-805658-258,R-03
2026-04,AV-2024-003448,1-400433-186,R-03
2026-04,AV-2024-003448,1-400433-186,R-04
2026-04,AV-2024-003458,1-646370,R-07
2026-04,AV-2024-003463,2-644287,R-07
2026-04,AV-2025-003480,4-641613,R-08
2026-04,AV-2025-000716,1-135232,R-01
2026-04,AV-2025-003484,5-840775-066,R-08
2026-04,AV-2025-003493,3-948010,R-03
2026-04,AV-2025-003493,3-948010,R-08
2026-04,AV-2024-003496,3-655910,R-07
2026-04,AV-2024-003502,2-357290,R-06
2026-04,AV-2026-003505,1-868612,R-08
2026-04,AV-2024-003506,4-170971,R-08
2026-04,AV-2025-003511,6-890574,R-06
2026-04,AV-2025-003514,4-482035-336,R-08
2026-04,AV-2026-003527,1-498439,R-05
2026-04,AV-2025-003530,4-403777,R-06
2026-04,AV-2026-003535,4-661166,R-02
2026-04,AV-2025-003557,3-662538,R-06
2026-04,AV-2025-003557,3-662538,R-08
2026-04,AV-2024-003559,1-363898,R-07
2026-04,AV-2024-003568,1-735554,R-06
2026-04,AV-2024-003573,1-731891,R-03
2026-04,AV-2025-003583,1-139379-118,R-04
2026-04,AV-2024-003586,1-648589-097,R-08
2026-04,AV-2025-003591,1-165041-084,R-08
2026-04,AV-2025-003594,3-860948,R-08
2026-04,AV-2024-003595,1-579136,R-06
2026-04,AV-2025-003872,3-378718-285,R-01
2026-04,AV-2025-003604,1-487877,R-06
2026-04,AV-2025-003609,2-901163-013,R-03
2026-04,AV-2025-003609,2-901163-013,R-08
2026-04,AV-2025-003614,1-208024,R-08
2026-04,AV-2024-003618,4-572952,R-06
2026-04,AV-2025-003627,1-332991,R-07
2026-04,AV-2025-003628, ,R-02
2026-04,AV-2025-003629,4-213201,R-03
2026-04,AV-2025-003629,4-213201,R-04
2026-04,AV-2025-003629,4-213201,R-08
2026-04,AV-2025-003639,3-508601,R-08
2026-04,AV-2024-003649,1-828461-301,R-06
2026-04,AV-2024-003649,1-828461-301,R-08
2026-04,AV-2026-003678,4-822547-058,R-08
2026-04,AV-2025-003686,1-729950,R-07
2026-04,AV-2025-003691,2-303388,R-07
2026-04,AV-2025-003701,1-438979,R-07
2026-04,AV-2025-003715,1-389113,R-07
2026-04,AV-2025-003720,4-930947-235,R-06
2026-04,AV-2026-003726,4-439937,R-08
2026-04,AV-2025-003733,1-814545,R-08
2026-04,AV-2025-003736,7-622066-342,R-06
2026-04,AV-2025-003738,1-150900-365,R-08
2026-04,AV-2025-003741,7-899039,R-06
2026-04,AV-2025-003743,2-695172-348,R-03
2026-04,AV-2026-003746,4-518823,R-08
2026-04,AV-2025-003748,5-805094,R-07
2026-04,AV-2025-003768,4-710515-197,R-08
2026-04,AV-2026-003770,1-810892,R-08
2026-04,AV-2026-003787,4-527241,R-08
2026-04,AV-2026-003792,3-343848,R-06
2026-04,AV-2025-003801,4-594674,R-08
2026-04,AV-2025-003804,4-168847,R-04
2026-04,AV-2025-003805,7-847513,R-07
2026-04,AV-2025-003808,2-869841,R-02
2026-04,AV-2025-003812,4-754142,R-07
2026-04,AV-2025-003812,4-754142,R-08
2026-04,AV-2025-003850,2-218004,R-03
2026-04,AV-2025-003851,3-369618,R-06
2026-04,AV-2025-003851,3-369618,R-08
2026-04,AV-2025-003872,3-514641,R-01
2026-04,AV-2025-003872,3-514641,R-08
2026-04,AV-2025-003889,1-530748,R-06
2026-04,AV-2025-003892,3-142965,R-07
2026-04,AV-2024-002337,2-684252,R-01
2026-04,AV-2024-002337,2-684252,R-08
2026-04,AV-2026-003909,1-674997-321,R-08
2026-04,AV-2025-003910,4-406954,R-07
2026-04,AV-2024-003926,1-803830,R-07
2026-04,AV-2024-003928,4-190235-030,R-06
2026-04,AV-2025-003933,2-565538-151,R-08
2026-04,AV-2024-003936,1-626862,R-07
2026-04,AV-2024-003941,6-500235,R-08
2026-04,AV-2026-003953,3-445310,R-06
2026-04,AV-2024-003961,1-408286,R-08
2026-04,AV-2024-003974,2-634251,R-08
2026-04,AV-2025-003990,3-784103,R-08
2026-04,AV-2026-004010,4-434586,R-08
2026-04,AV-2026-004012,1-444639,R-08
2026-04,AV-2026-004039,7-387955,R-08
2026-04,AV-2026-004048,2-528016,R-08
2026-04,AV-2026-004089,1-562201,R-08
2026-04,AV-2026-004130,3-629891,R-08
2026-04,AV-2026-004149,1-933858-228,R-08
2026-04,AV-2026-004157,4-525926,R-08
2026-04,AV-2026-004170,6-334787,R-08
2026-04,AV-2026-004177,4-420839-308,R-08
2026-04,AV-2026-004200,1-137043,R-08
